accuracy,precision,recall,f1,mcc,mse,rmse,mae,r2,directional_accuracy,sharpe_ratio,profit_factor,cumulative_return,max_drawdown,config_id,fusion_type,fold_idx,seed,modalities,n_train,n_val,n_test,n_params,best_val_mcc,epochs_trained,lookback,deadzone,batch_size,patience,grad_clip,hidden_dim,learning_rate,alpha,sequence_modalities,elapsed_s
0.5250495049504951,0.53235228038643,0.8820026056206961,0.6639579684763572,0.002032706271671126,0.0013934116577729583,0.037328429618361365,0.024787330999970436,-0.17187082767486572,0.5297029702970297,-0.027342316399661656,0.99496156,-99.88321,-99.96433,A5,concat,0,42,"[""price"", ""macro"", ""social""]",22281,6372,10100,125027,0.06402345973458258,91,20,0.005,64,30,1.0,64,0.0001,0.5,"[""price"", ""social""]",626.6127142906189
0.47142422089128005,0.5830469644902635,0.09510463378176383,0.16353413654618473,0.0248850849762028,0.0005328242550604045,0.02308298626825404,0.017900556325912476,-0.02115476131439209,0.4826921124758908,-0.3957145843718648,0.9379074,-99.973625,-99.98805,A5,concat,1,42,"[""price"", ""macro"", ""social""]",29639,9112,9851,125027,-0.0032218764227325324,51,20,0.005,64,30,1.0,64,0.0001,0.5,"[""price"", ""social""]",469.8721618652344
0.506162942178575,0.5188212927756654,0.5323839250877878,0.5255151165029848,0.010862766799985038,0.0005647670477628708,0.023764827955675815,0.018240053206682205,-0.013064980506896973,0.5140795670908909,0.38011278487134786,1.0639454,1702.5219,-86.616646,A5,concat,2,42,"[""price"", ""macro"", ""social""]",37633,10972,9979,125027,0.05933221698883995,74,20,0.005,64,30,1.0,64,0.0001,0.5,"[""price"", ""social""]",876.4372589588165
0.48339003402041225,0.505671077504726,0.10338164251207729,0.17166693406064495,-0.008359526027676265,0.0010833146516233683,0.032913745633448774,0.025897961109876633,-1.055741548538208,0.49639783870322196,-0.1519072682084028,0.9759986,-99.19904,-99.80612,A5,concat,3,42,"[""price"", ""macro"", ""social""]",45822,12721,9994,125027,-0.004988810779867925,31,20,0.005,64,30,1.0,64,0.0001,0.5,"[""price"", ""social""]",431.830579996109
0.5101905183872397,0.5327037425673312,0.6351125938281902,0.5794179189651892,0.003865373606379026,0.00044865786912851036,0.021181545484891096,0.015919512137770653,-0.23508977890014648,0.5243686309260079,0.310799166083578,1.0511163,136.6987,-72.43831,A5,concat,4,42,"[""price"", ""macro"", ""social""]",53235,15339,4514,125027,0.028949033288588347,37,20,0.005,64,30,1.0,64,0.0001,0.5,"[""price"", ""social""]",595.4574747085571
0.5199009900990099,0.5277777777777778,0.9264842732179416,0.6724755150287065,-0.0316470546374522,0.0014711085241287947,0.038355032578904096,0.026092281565070152,-0.2372145652770996,0.5028712871287129,0.07493423530210239,1.0139396,-98.87093,-99.42237,A5,concat,0,123,"[""price"", ""macro"", ""social""]",22281,6372,10100,125027,0.031875764627769504,32,20,0.005,64,30,1.0,64,0.0001,0.5,"[""price"", ""social""]",216.14150190353394
0.4953811795756776,0.5690968443960827,0.29316143497757846,0.38697743248242694,0.03229134845605319,0.0005533859948627651,0.023524157686573288,0.017802255228161812,-0.060561299324035645,0.5252258653943762,0.8607820841677725,1.1496521,1.5636931e+06,-64.31014,A5,concat,1,123,"[""price"", ""macro"", ""social""]",29639,9112,9851,125027,-0.01649438287836205,32,20,0.005,64,30,1.0,64,0.0001,0.5,"[""price"", ""social""]",297.8796110153198
0.5199919831646458,0.5338300443012485,0.5171673819742489,0.525366627031312,0.040128281271407405,0.000583131390158087,0.02414811359419379,0.01825285516679287,-0.04600644111633301,0.5208938771419982,0.4394198656198076,1.0742857,4253.9834,-70.03103,A5,concat,2,123,"[""price"", ""macro"", ""social""]",37633,10972,9979,125027,0.06354989470950285,113,20,0.005,64,30,1.0,64,0.0001,0.5,"[""price"", ""social""]",1259.832465171814
0.5108064838903342,0.5470085470085471,0.32154589371980674,0.40501399537544114,0.03865284442674748,0.0005371258012019098,0.023175974654842668,0.017977962270379066,-0.0192716121673584,0.5119071442865719,0.16499057911130013,1.0267378,-22.802639,-98.40915,A5,concat,3,123,"[""price"", ""macro"", ""social""]",45822,12721,9994,125027,0.03138721237027094,96,20,0.005,64,30,1.0,64,0.0001,0.5,"[""price"", ""social""]",1309.2055230140686
0.4791758972086841,0.6256684491978609,0.048790658882402,0.09052224371373307,0.03933933678278136,0.0004293605452403426,0.02072101699338965,0.015874721109867096,-0.18196702003479004,0.4714222419140452,-0.5750206708308233,0.9118881,-98.04836,-98.506386,A5,concat,4,123,"[""price"", ""macro"", ""social""]",53235,15339,4514,125027,0.04969766700384149,84,20,0.005,64,30,1.0,64,0.0001,0.5,"[""price"", ""social""]",1365.0225191116333
0.49693069306930693,0.5270470544646165,0.529499348594826,0.5282703555844397,-0.010593001499031087,0.001367105869576335,0.03697439478309733,0.02481800876557827,-0.14974749088287354,0.516930693069307,-0.5653637516231852,0.9007986,-100.0,-100.0,A5,concat,0,456,"[""price"", ""macro"", ""social""]",22281,6372,10100,125027,0.036157680816808827,36,20,0.005,64,30,1.0,64,0.0001,0.5,"[""price"", ""social""]",262.65092611312866
0.4837072378438737,0.5956834532374101,0.1547085201793722,0.24562444378522694,0.04262806263155591,0.0005490712937898934,0.02343227035073412,0.01786121539771557,-0.0522921085357666,0.49446756674449294,-0.3941177630435817,0.93815017,-99.97323,-99.983444,A5,concat,1,456,"[""price"", ""macro"", ""social""]",29639,9112,9851,125027,0.0049175474607539675,121,20,0.005,64,30,1.0,64,0.0001,0.5,"[""price"", ""social""]",1090.691181898117
0.497945685940475,0.5113192818110851,0.5111197815060476,0.511219512195122,-0.004849669062752476,0.00057277298765257,0.023932676148992825,0.01827472262084484,-0.027425765991210938,0.5008517887563884,-0.005017458701627587,0.99918216,-94.194534,-98.50713,A5,concat,2,456,"[""price"", ""macro"", ""social""]",37633,10972,9979,125027,0.06822789959307063,75,20,0.005,64,30,1.0,64,0.0001,0.5,"[""price"", ""social""]",845.9830617904663
0.5078046828096858,0.5688172043010753,0.20444444444444446,0.3007818052594172,0.04881303026992185,0.0005296237068250775,0.02301355484980705,0.0180649571120739,-0.005035281181335449,0.5139083450070042,0.22617053340493154,1.0368333,87.32611,-95.22788,A5,concat,3,456,"[""price"", ""macro"", ""social""]",45822,12721,9994,125027,-0.000555360061162985,55,20,0.005,64,30,1.0,64,0.0001,0.5,"[""price"", ""social""]",761.4397330284119
0.49889233495790875,0.5426599749058971,0.36071726438698914,0.4333667334669339,0.016913880010497942,0.00042896109516732395,0.020711375984403448,0.015873951837420464,-0.18086743354797363,0.5037660611431103,0.2729058248149824,1.0447466,93.487785,-71.12116,A5,concat,4,456,"[""price"", ""macro"", ""social""]",53235,15339,4514,125027,0.03419056496206568,33,20,0.005,64,30,1.0,64,0.0001,0.5,"[""price"", ""social""]",533.8767969608307
0.5178217821782178,0.531879832678413,0.7809417457658664,0.6327854019001659,-0.000379944817685688,0.0012734022457152605,0.03568476209413845,0.02351875975728035,-0.07094192504882812,0.5261386138613862,0.02062258235679536,1.0038172,-99.66444,-99.8575,A5,gated_cross_attention,0,42,"[""price"", ""macro"", ""social""]",22281,6372,10100,137699,0.053974309594728063,115,20,0.005,64,30,1.0,64,0.0001,0.5,"[""price"", ""social""]",880.6620299816132
0.523398639732007,0.5497501135847342,0.6782511210762332,0.6072772898368883,0.018476694352242886,0.0007022483623586595,0.026499969101088768,0.0203242190182209,-0.34585511684417725,0.48177849964470615,-0.5677857727446267,0.9121217,-99.99772,-99.99846,A5,gated_cross_attention,1,42,"[""price"", ""macro"", ""social""]",29639,9112,9851,137699,0.00644854563907366,32,20,0.005,64,30,1.0,64,0.0001,0.5,"[""price"", ""social""]",331.9429759979248
0.4895280088185189,0.5050156739811912,0.314280140460398,0.3874458874458874,-0.01188107948956752,0.0005702018388547003,0.023878899448146692,0.01836150512099266,-0.022813796997070312,0.4861208537929652,-0.3973780532683641,0.93725514,-99.98258,-99.98483,A5,gated_cross_attention,2,42,"[""price"", ""macro"", ""social""]",37633,10972,9979,137699,0.057122421100987114,57,20,0.005,64,30,1.0,64,0.0001,0.5,"[""price"", ""social""]",746.7716538906097
0.5204122473484091,0.5450684285040113,0.4463768115942029,0.49081058111122916,0.04680752376249342,0.0005284257349558175,0.022987512587398784,0.01795974001288414,-0.0027620792388916016,0.5257154292575545,0.8185437886349639,1.1398771,977793.0,-62.464775,A5,gated_cross_attention,3,42,"[""price"", ""macro"", ""social""]",45822,12721,9994,137699,0.052236506479299186,121,20,0.005,64,30,1.0,64,0.0001,0.5,"[""price"", ""social""]",1851.1144518852234
0.5199379707576429,0.5321637426900585,0.7969140950792327,0.6381699782935382,0.0036664126520574475,0.00037383841117843986,0.01933490137493439,0.01501366775482893,-0.029122591018676758,0.5115197164377492,0.04054164699900463,1.0065242,-45.226574,-77.570076,A5,gated_cross_attention,4,42,"[""price"", ""macro"", ""social""]",53235,15339,4514,137699,0.03121197196014031,36,20,0.005,64,30,1.0,64,0.0001,0.5,"[""price"", ""social""]",640.8834698200226
0.5066336633663366,0.5376447876447876,0.5183324027545133,0.5278119965886477,0.011648524928102538,0.001218318473547697,0.03490441911202215,0.02336924336850643,-0.024616003036499023,0.5158415841584159,-0.2481529652891892,0.95518905,-99.99908,-99.99944,A5,gated_cross_attention,0,123,"[""price"", ""macro"", ""social""]",22281,6372,10100,137699,0.05238619568176698,82,20,0.005,64,30,1.0,64,0.0001,0.5,"[""price"", ""social""]",608.7336740493774
0.48025581159273173,0.5395904436860068,0.2954035874439462,0.3817918377203574,-0.004839062390666475,0.0006834098603576422,0.02614210895007597,0.01973770372569561,-0.3097512722015381,0.517916962744899,0.5209537033883594,1.0880576,12308.882,-60.804302,A5,gated_cross_attention,1,123,"[""price"", ""macro"", ""social""]",29639,9112,9851,137699,0.010908212056197611,31,20,0.005,64,30,1.0,64,0.0001,0.5,"[""price"", ""social""]",309.63559007644653
0.4946387413568494,0.5172270651722707,0.24307452204447913,0.33072329130723294,0.004004868354825062,0.0005731286946684122,0.023940106404701133,0.018330950289964676,-0.02806377410888672,0.5134783044393226,0.0774591772412318,1.0127108,-81.26141,-93.61105,A5,gated_cross_attention,2,123,"[""price"", ""macro"", ""social""]",37633,10972,9979,137699,0.05732774275866627,57,20,0.005,64,30,1.0,64,0.0001,0.5,"[""price"", ""social""]",715.5267028808594
0.5272163297978787,0.5657894736842105,0.3739130434782609,0.450261780104712,0.069255325444405,0.0005298599135130644,0.02301868618129767,0.017770662903785706,-0.005483508110046387,0.5338202921753051,0.8785840813395275,1.1508787,2.322905e+06,-62.065186,A5,gated_cross_attention,3,123,"[""price"", ""macro"", ""social""]",45822,12721,9994,137699,0.023057657600287062,116,20,0.005,64,30,1.0,64,0.0001,0.5,"[""price"", ""social""]",1761.9733691215515
0.49778466991581743,0.5511319281811085,0.2944120100083403,0.38379994563740144,0.025096414874604546,0.000366206222679466,0.019136515426782016,0.014867306686937809,-0.008112430572509766,0.5303500221533008,0.5858220713052662,1.0985278,950.69476,-45.66635,A5,gated_cross_attention,4,123,"[""price"", ""macro"", ""social""]",53235,15339,4514,137699,0.03874229985876132,41,20,0.005,64,30,1.0,64,0.0001,0.5,"[""price"", ""social""]",725.4774250984192
0.5017821782178218,0.5275399773865288,0.6078540852410199,0.5648564510549983,-0.011198820142358028,0.0012539299204945564,0.03541087291347894,0.0236156415194273,-0.05456554889678955,0.5061386138613861,-0.3921335046761072,0.93011045,-99.99996,-99.99997,A5,gated_cross_attention,0,456,"[""price"", ""macro"", ""social""]",22281,6372,10100,137699,0.05357682086683996,125,20,0.005,64,30,1.0,64,0.0001,0.5,"[""price"", ""social""]",920.7634809017181
0.4708151456704903,0.5794285714285714,0.09473094170403587,0.162839248434238,0.022648351606935156,0.0005601824377663434,0.023668173519862983,0.018122855573892593,-0.07358658313751221,0.4742665719216323,-0.8049766619224222,0.8777305,-99.99992,-99.99993,A5,gated_cross_attention,1,456,"[""price"", ""macro"", ""social""]",29639,9112,9851,137699,0.0070718313297647595,62,20,0.005,64,30,1.0,64,0.0001,0.5,"[""price"", ""social""]",602.6816670894623
0.48572001202525306,0.49915158371040724,0.3443230589153336,0.40752712999307317,-0.021532021691773786,0.0005649199010804296,0.02376804369485275,0.018299147486686707,-0.01333916187286377,0.5058623108527909,-0.23714910878121634,0.9620675,-99.825356,-99.91802,A5,gated_cross_attention,2,456,"[""price"", ""macro"", ""social""]",37633,10972,9979,137699,0.056740539793017554,42,20,0.005,64,30,1.0,64,0.0001,0.5,"[""price"", ""social""]",519.1073617935181
0.5201120672403442,0.568239106949946,0.30492753623188407,0.39688128772635817,0.06260235313062307,0.0005473758210428059,0.02339606422120622,0.018027685582637787,-0.03872239589691162,0.5169101460876526,0.4078723249535159,1.0674062,2505.5774,-90.786705,A5,gated_cross_attention,3,456,"[""price"", ""macro"", ""social""]",45822,12721,9994,137699,0.02337992535980825,132,20,0.005,64,30,1.0,64,0.0001,0.5,"[""price"", ""social""]",3843.7065930366516
0.47607443509082853,0.6024844720496895,0.040450375312760634,0.07581086361860101,0.027458218299135608,0.0003674763429444283,0.019169672478799117,0.01498583797365427,-0.01160883903503418,0.5115197164377492,0.2973571735807485,1.0488523,120.83144,-57.69075,A5,gated_cross_attention,4,456,"[""price"", ""macro"", ""social""]",53235,15339,4514,137699,0.04574350270108634,64,20,0.005,64,30,1.0,64,0.0001,0.5,"[""price"", ""social""]",1118.5014300346375
0.5046534653465347,0.5247392350895962,0.7303182579564489,0.6106917749591472,-0.024507153061655823,0.0012486848281696439,0.035336734826093424,0.023800402879714966,-0.05015432834625244,0.5147524752475248,-0.14932398007850908,0.97279054,-99.99195,-99.996826,A5,mha,0,42,"[""price"", ""macro"", ""social""]",22281,6372,10100,129443,0.05575820761329827,53,20,0.005,64,30,1.0,64,0.0001,0.5,"[""price"", ""social""]",380.0048739910126
0.48857983961019186,0.5778769841269841,0.21767563527653214,0.31623235613463624,0.03521589442634375,0.0006311566103249788,0.0251228304600612,0.01896943897008896,-0.20960819721221924,0.4920312658613339,-0.20269073409465135,0.967699,-99.58932,-99.80419,A5,mha,1,42,"[""price"", ""macro"", ""social""]",29639,9112,9851,129443,0.020331034268270133,112,20,0.005,64,30,1.0,64,0.0001,0.5,"[""price"", ""social""]",1077.9856457710266
0.4880248521895982,0.5030088495575221,0.27721420210690595,0.35743931580933214,-0.013414877060641983,0.0005866996943950653,0.024221884616913384,0.018330950289964676,-0.052407145500183105,0.5051608377592945,-0.49208797334410714,0.92288977,-99.99605,-99.99673,A5,mha,2,42,"[""price"", ""macro"", ""social""]",37633,10972,9979,129443,0.04312113095442464,37,20,0.005,64,30,1.0,64,0.0001,0.5,"[""price"", ""social""]",454.19445395469666
0.5151090654392636,0.5563163300239644,0.3140096618357488,0.40143280632411066,0.049521528542342735,0.0005992540973238647,0.024479667018239133,0.01899486593902111,-0.1371687650680542,0.5171102661596958,0.41902086049932463,1.0693111,2949.8198,-70.9805,A5,mha,3,42,"[""price"", ""macro"", ""social""]",45822,12721,9994,129443,0.015838406063391333,113,20,0.005,64,30,1.0,64,0.0001,0.5,"[""price"", ""social""]",1674.440311908722
0.46876384581302616,0.0,0.0,0.0,0.0,0.00037734259967692196,0.019425308226046812,0.015127222053706646,-0.03876924514770508,0.49202481169694284,-0.18309948330803322,0.97105795,-83.686676,-90.86913,A5,mha,4,42,"[""price"", ""macro"", ""social""]",53235,15339,4514,129443,0.03698787437367092,74,20,0.005,64,30,1.0,64,0.0001,0.5,"[""price"", ""social""]",1315.0280389785767
0.5117821782178218,0.5308056872037915,0.7087288293318444,0.6069976886905236,-0.0036857060723326407,0.0012771772453561425,0.03573761667145898,0.023903725668787956,-0.07411682605743408,0.5214851485148515,-0.29451814684504185,0.9470408,-99.99967,-99.99987,A5,mha,0,123,"[""price"", ""macro"", ""social""]",22281,6372,10100,129443,0.05193713344358419,41,20,0.005,64,30,1.0,64,0.0001,0.5,"[""price"", ""social""]",309.9765303134918
0.49456907928129124,0.5601418897129958,0.3245515695067265,0.4109783508813439,0.022923477476136454,0.0008746444364078343,0.029574388183153246,0.023087410256266594,-0.6762512922286987,0.49071160288295607,-0.3193185230709785,0.9495875,-99.92216,-99.93184,A5,mha,1,123,"[""price"", ""macro"", ""social""]",29639,9112,9851,129443,0.023342547961188894,31,20,0.005,64,30,1.0,64,0.0001,0.5,"[""price"", ""social""]",313.9539909362793
0.5078665196913519,0.5262643537747373,0.4202106905969567,0.46729580214773836,0.020998014244481986,0.0005761149805039167,0.02400239530763371,0.01828186959028244,-0.033420562744140625,0.5270067140996092,0.6446851798989934,1.1108594,89192.086,-72.17809,A5,mha,2,123,"[""price"", ""macro"", ""social""]",37633,10972,9979,129443,0.05282255756566808,72,20,0.005,64,30,1.0,64,0.0001,0.5,"[""price"", ""social""]",919.595623254776
0.5139083450070042,0.545480631276901,0.36734299516908214,0.43903002309468825,0.04051895667024824,0.0005311883869580925,0.023047524529937972,0.018009401857852936,-0.008004546165466309,0.523013808284971,0.4982968418752445,1.082956,9315.609,-85.93019,A5,mha,3,123,"[""price"", ""macro"", ""social""]",45822,12721,9994,129443,0.022608609806518392,64,20,0.005,64,30,1.0,64,0.0001,0.5,"[""price"", ""social""]",989.163058757782
0.4873726185201595,0.5456521739130434,0.20934111759799834,0.3025919228450874,0.014616028421999402,0.0007428533863276243,0.027255336841206425,0.021173303946852684,-1.0449671745300293,0.5039875941515286,0.2149271862231488,1.0350755,40.700268,-74.46987,A5,mha,4,123,"[""price"", ""macro"", ""social""]",53235,15339,4514,129443,0.025285279756890156,36,20,0.005,64,30,1.0,64,0.0001,0.5,"[""price"", ""social""]",646.3542540073395
0.5035643564356436,0.5315743183817062,0.5624418388237483,0.5465726171097848,-0.0009230331472750899,0.0021702670492231846,0.04658612507199096,0.032940518110990524,-0.8252127170562744,0.5274257425742575,0.9835709145050552,1.1994412,6.070964e+08,-69.008865,A5,mha,0,456,"[""price"", ""macro"", ""social""]",22281,6372,10100,129443,0.03947539399924813,32,20,0.005,64,30,1.0,64,0.0001,0.5,"[""price"", ""social""]",242.39564609527588
0.4825905999390925,0.5939572586588062,0.15059790732436473,0.2402742584587867,0.04065198741530543,0.0005370902945287526,0.02317520861888308,0.017894702032208443,-0.02933061122894287,0.4859405136534362,-0.4546029740972801,0.92900205,-99.988655,-99.99263,A5,mha,1,456,"[""price"", ""macro"", ""social""]",29639,9112,9851,129443,-0.0031279456761864155,54,20,0.005,64,30,1.0,64,0.0001,0.5,"[""price"", ""social""]",546.5254442691803
0.4791061228580018,0.4832246039142591,0.20230198985563794,0.2852035203520352,-0.03189256478153503,0.0005587295745499432,0.023637461254329816,0.018217846751213074,-0.0022350549697875977,0.5110732538330494,-0.14693106921922774,0.97632563,-99.334755,-99.74934,A5,mha,2,456,"[""price"", ""macro"", ""social""]",37633,10972,9979,129443,0.048738076474218045,39,20,0.005,64,30,1.0,64,0.0001,0.5,"[""price"", ""social""]",497.3459029197693
0.5182109265559336,0.5475435816164818,0.40057971014492755,0.46267157683294274,0.04646836112087751,0.0005250428221188486,0.022913812910968105,0.01791415736079216,0.0036574602127075195,0.5275165099059436,0.7627736712682517,1.1297529,444227.84,-66.39483,A5,mha,3,456,"[""price"", ""macro"", ""social""]",45822,12721,9994,129443,0.022262178219854014,96,20,0.005,64,30,1.0,64,0.0001,0.5,"[""price"", ""social""]",1482.1476819515228
0.4882587505538325,0.5748299319727891,0.1409507923269391,0.22638981915606163,0.033807819046149865,0.000376108248019591,0.019393510461481463,0.014941835775971413,-0.03537118434906006,0.49889233495790875,-0.18475359375052172,0.9708003,-83.82096,-90.77766,A5,mha,4,456,"[""price"", ""macro"", ""social""]",53235,15339,4514,129443,0.04282686142365888,81,20,0.005,64,30,1.0,64,0.0001,0.5,"[""price"", ""social""]",1442.7571728229523
0.5022772277227723,0.5453830010493179,0.3869346733668342,0.45269461077844314,0.02091394526004239,0.0011892548063769937,0.03448557388788816,0.023410968482494354,-0.00017333030700683594,0.5358415841584159,0.3767576386577288,1.0720904,802.33966,-97.87433,A6,concat,0,42,"[""price"", ""social""]",22281,6372,10100,120291,0.02160490828403422,56,20,0.005,64,30,1.0,64,0.0001,0.5,"[""price"", ""social""]",356.64330434799194
0.5187290630392853,0.548438243221817,0.6463004484304933,0.5933613517454327,0.013773924729333021,0.0005220278981141746,0.022847929843077132,0.017709221690893173,-0.0004636049270629883,0.5425845091868846,1.3049914380094518,1.2354926,8.2896314e+08,-60.77155,A6,concat,1,42,"[""price"", ""social""]",29639,9112,9851,120291,0.032790873649878316,55,20,0.005,64,30,1.0,64,0.0001,0.5,"[""price"", ""social""]",466.31547117233276
0.48632127467682135,0.5,0.3291065158017948,0.39694117647058824,-0.019560246925250067,0.0005711237899959087,0.023898196375373368,0.01837776228785515,-0.02446746826171875,0.4975448441727628,-0.2987691321776704,0.95244867,-99.92919,-99.957016,A6,concat,2,42,"[""price"", ""social""]",37633,10972,9979,120291,0.03307858401302287,61,20,0.005,64,30,1.0,64,0.0001,0.5,"[""price"", ""social""]",662.7457950115204
0.49349609765859515,0.5168707076739325,0.3344927536231884,0.4061473486625997,-0.0013354690148350587,0.0005310220294632018,0.023043915237285564,0.018043389543890953,-0.00768887996673584,0.5168100860516309,0.6657372957057055,1.1123519,107967.41,-68.10152,A6,concat,3,42,"[""price"", ""social""]",45822,12721,9994,120291,0.02339286914096303,105,20,0.005,64,30,1.0,64,0.0001,0.5,"[""price"", ""social""]",1366.543113231659
0.5143996455471865,0.5472043996333639,0.49791492910758967,0.5213973799126638,0.030952763773249507,0.0003655159380286932,0.01911847112163243,0.014887002296745777,-0.006212115287780762,0.5230394328754985,0.47573888724575125,1.0792981,480.30194,-68.88951,A6,concat,4,42,"[""price"", ""social""]",53235,15339,4514,120291,0.021878073292922157,54,20,0.005,64,30,1.0,64,0.0001,0.5,"[""price"", ""social""]",825.0740060806274
0.5163366336633664,0.5556061987237921,0.453750232644705,0.499538981661715,0.04150014125972957,0.0011886078864336014,0.03447619303858246,0.0234527550637722,0.00037086009979248047,0.5289108910891089,0.12476510518948729,1.023317,-96.61043,-99.43878,A6,concat,0,123,"[""price"", ""social""]",22281,6372,10100,120291,0.03054430709289804,54,20,0.005,64,30,1.0,64,0.0001,0.5,"[""price"", ""social""]",343.3948359489441
0.5227895645112172,0.5499003525984977,0.6702167414050823,0.6041263157894737,0.0185646143567923,0.0005216292920522392,0.022839205153687796,0.0176609568297863,0.00030028820037841797,0.5445132473860522,1.4327505092680324,1.261359,5.02513e+09,-39.27982,A6,concat,1,123,"[""price"", ""social""]",29639,9112,9851,120291,0.03313569003615788,61,20,0.005,64,30,1.0,64,0.0001,0.5,"[""price"", ""social""]",523.7780511379242
0.502054314059525,0.5104457751164339,0.7483417869683964,0.6069140099675658,-0.011296287382895488,0.0005623296601697803,0.023713491100421723,0.018239863216876984,-0.008692741394042969,0.5098707285299128,-0.17600929382824756,0.9717073,-99.568214,-99.896416,A6,concat,2,123,"[""price"", ""social""]",37633,10972,9979,120291,0.04364453700176452,44,20,0.005,64,30,1.0,64,0.0001,0.5,"[""price"", ""social""]",481.32548904418945
0.49429657794676807,0.5141785797984533,0.42396135265700485,0.46473204829485276,-0.006274252937405754,0.000529778772033751,0.023016923600554247,0.01807096041738987,-0.005329608917236328,0.5106063638182909,0.5615015634842014,1.0939595,24328.977,-86.300415,A6,concat,3,123,"[""price"", ""social""]",45822,12721,9994,120291,0.012710330302500152,107,20,0.005,64,30,1.0,64,0.0001,0.5,"[""price"", ""social""]",1393.679720878601
0.5188303057155517,0.5301012253596165,0.8298582151793161,0.6469440832249674,-0.005054615199477924,0.0003643901436589658,0.019089005832126665,0.014899954199790955,-0.0031130313873291016,0.5281346920691183,0.4319161596176155,1.0717374,356.32672,-65.10122,A6,concat,4,123,"[""price"", ""social""]",53235,15339,4514,120291,0.029401436089143595,53,20,0.005,64,30,1.0,64,0.0001,0.5,"[""price"", ""social""]",808.9605147838593
0.5206930693069307,0.5495344506517691,0.5492276195793784,0.5493809922740389,0.03748513411751589,0.0011920173419639468,0.03452560415060028,0.023393966257572174,-0.0024966001510620117,0.5336633663366337,0.22503085703157624,1.0424501,-69.704506,-98.44623,A6,concat,0,456,"[""price"", ""social""]",22281,6372,10100,120291,0.04135039930346658,66,20,0.005,64,30,1.0,64,0.0001,0.5,"[""price"", ""social""]",420.32355785369873
0.5279667038879302,0.5512857977790766,0.7049701046337817,0.6187274516234831,0.024201229373793785,0.00052224425598979,0.022852664089549602,0.017720939591526985,-0.0008782148361206055,0.5438026596284641,1.4168369387119377,1.2581075,4.0173647e+09,-38.901016,A6,concat,1,456,"[""price"", ""social""]",29639,9112,9851,120291,0.0481656414540616,44,20,0.005,64,30,1.0,64,0.0001,0.5,"[""price"", ""social""]",376.0804362297058
0.4891271670508067,0.5022109917877448,0.6203667577058135,0.5550706929656135,-0.030232408045045994,0.0005630782106891274,0.023729269071952625,0.01826423965394497,-0.010035514831542969,0.4998496843371079,-0.398964762143972,0.9370126,-99.98415,-99.99069,A6,concat,2,456,"[""price"", ""social""]",37633,10972,9979,120291,0.04327871093892874,40,20,0.005,64,30,1.0,64,0.0001,0.5,"[""price"", ""social""]",435.3376750946045
0.5138082849709826,0.5287168302435478,0.5621256038647343,0.5449096188067809,0.024155573061227273,0.0005284989601932466,0.022989105249949304,0.01806136779487133,-0.0029010772705078125,0.5122073243946368,0.6192909779798506,1.1041183,56069.03,-68.65266,A6,concat,3,456,"[""price"", ""social""]",45822,12721,9994,120291,0.008641731033376867,72,20,0.005,64,30,1.0,64,0.0001,0.5,"[""price"", ""social""]",940.6326971054077
0.5208241027913159,0.5278898647044861,0.9274395329441201,0.6728180305551353,-0.025087369354554464,0.0003766707086469978,0.019408006302734905,0.014958458952605724,-0.036919593811035156,0.5046521931767833,-0.034745104855127065,0.9944424,-63.490616,-83.239624,A6,concat,4,456,"[""price"", ""social""]",53235,15339,4514,120291,0.015988195315242447,35,20,0.005,64,30,1.0,64,0.0001,0.5,"[""price"", ""social""]",535.2580897808075
0.5228712871287129,0.5478245856353591,0.5905453191885353,0.5683833407971339,0.03681900433142808,0.0012417816324159503,0.03523892212335602,0.023605234920978546,-0.044348716735839844,0.5367326732673268,0.4165041312319219,1.0799947,2018.6951,-97.710655,A6,gated_cross_attention,0,42,"[""price"", ""social""]",22281,6372,10100,137059,0.0222001813368133,54,20,0.005,64,30,1.0,64,0.0001,0.5,"[""price"", ""social""]",379.9872851371765
0.5264440158359558,0.5493605403075155,0.7143124065769806,0.6210705872796686,0.01888865767571231,0.0006276953499764204,0.025053849005221143,0.019099188968539238,-0.20297467708587646,0.482083037255101,-0.5814566851556772,0.9101037,-99.99813,-99.998726,A6,gated_cross_attention,1,42,"[""price"", ""social""]",29639,9112,9851,137059,0.04330841786167311,32,20,0.005,64,30,1.0,64,0.0001,0.5,"[""price"", ""social""]",302.7010660171509
0.49493937268263355,0.507295554801493,0.5833008193523215,0.542649727767695,-0.015340448527823495,0.000574173463974148,0.02396191695115706,0.018274754285812378,-0.02993786334991455,0.5146808297424592,-0.061996878581841,0.9899415,-97.69589,-99.34196,A6,gated_cross_attention,2,42,"[""price"", ""social""]",37633,10972,9979,137059,0.03487791586838336,55,20,0.005,64,30,1.0,64,0.0001,0.5,"[""price"", ""social""]",655.3516421318054
0.5043025815489294,0.527467064379816,0.41004830917874396,0.4614046531854751,0.015862492949669117,0.0005316961323842406,0.023058537082482934,0.018065165728330612,-0.008968114852905273,0.5086051630978587,0.4061253248324332,1.0671078,2419.6543,-81.98108,A6,gated_cross_attention,3,42,"[""price"", ""social""]",45822,12721,9994,137059,0.014612893801217717,130,20,0.005,64,30,1.0,64,0.0001,0.5,"[""price"", ""social""]",1870.1052668094635
0.4971200708905627,0.5294930875576037,0.4791492910758966,0.5030647985989493,-0.003360811738558295,0.0003695633204188198,0.01922402976534368,0.014976932667195797,-0.01735401153564453,0.5203810367744794,0.32642059911794385,1.0537536,158.26288,-61.943264,A6,gated_cross_attention,4,42,"[""price"", ""social""]",53235,15339,4514,137059,0.03326497208820601,78,20,0.005,64,30,1.0,64,0.0001,0.5,"[""price"", ""social""]",1309.8518221378326
0.5277227722772277,0.551006597868381,0.606179043364973,0.5772775611485289,0.04529518848885913,0.0012137556914240122,0.03483899670518673,0.023428570479154587,-0.020778656005859375,0.5350495049504951,0.2602185997594855,1.0492498,-30.112297,-98.80572,A6,gated_cross_attention,0,123,"[""price"", ""social""]",22281,6372,10100,137059,0.028595896011710066,64,20,0.005,64,30,1.0,64,0.0001,0.5,"[""price"", ""social""]",449.4504280090332
0.5126383108313877,0.5499546690843155,0.5667040358744395,0.5582037360817153,0.015077825733213123,0.0005242356564849615,0.022896193056597017,0.017762964591383934,-0.004694819450378418,0.5398436706933306,1.2374326845837342,1.2220321,3.1971133e+08,-63.22127,A6,gated_cross_attention,1,123,"[""price"", ""social""]",29639,9112,9851,137059,0.03614122624245467,45,20,0.005,64,30,1.0,64,0.0001,0.5,"[""price"", ""social""]",416.13425397872925
0.49012927147008717,0.5033711852377573,0.5534529847834568,0.5272254227838692,-0.023492984167432153,0.0005767617258243263,0.024015864044925103,0.01838657632470131,-0.03458070755004883,0.4965427397534823,-0.26418528324277996,0.9578354,-99.88386,-99.94231,A6,gated_cross_attention,2,123,"[""price"", ""social""]",37633,10972,9979,137059,0.032489719412886406,37,20,0.005,64,30,1.0,64,0.0001,0.5,"[""price"", ""social""]",434.718542098999
0.5041024614768861,0.5247457627118645,0.44869565217391305,0.48375,0.012371574565069156,0.0005278329481370747,0.02297461529900065,0.01802915334701538,-0.001637101173400879,0.5157094256553932,0.5812730643044692,1.0974244,31713.102,-72.75316,A6,gated_cross_attention,3,123,"[""price"", ""social""]",45822,12721,9994,137059,0.011886518800169452,86,20,0.005,64,30,1.0,64,0.0001,0.5,"[""price"", ""social""]",1232.2053709030151
0.4880372175454143,0.5165336374002281,0.5667222685571309,0.5404653012527342,-0.034826199349528617,0.0003645640972536057,0.01909356167019673,0.014914046972990036,-0.003591775894165039,0.5299069561364643,0.46351659846471416,1.0771842,441.74637,-63.400364,A6,gated_cross_attention,4,123,"[""price"", ""social""]",53235,15339,4514,137059,0.021515175396288562,51,20,0.005,64,30,1.0,64,0.0001,0.5,"[""price"", ""social""]",841.8605659008026
0.5025742574257426,0.5394172125592952,0.4444444444444444,0.4873469387755102,0.013166403247391956,0.0013158669462427497,0.03627488037530585,0.02443874254822731,-0.10665512084960938,0.5250495049504951,0.17270750410834912,1.0324211,-90.080605,-99.59644,A6,gated_cross_attention,0,456,"[""price"", ""social""]",22281,6372,10100,137059,0.03789217405106222,34,20,0.005,64,30,1.0,64,0.0001,0.5,"[""price"", ""social""]",234.97265315055847
0.524819815247183,0.5513546609520894,0.6730194319880418,0.6061421960454354,0.022703559770670168,0.0005298158503137529,0.023017729043364656,0.01759921945631504,-0.015389204025268555,0.5332453558014415,1.0236151034930907,1.1803976,1.5607542e+07,-47.471355,A6,gated_cross_attention,1,456,"[""price"", ""social""]",29639,9112,9851,137059,0.031499297606106445,36,20,0.005,64,30,1.0,64,0.0001,0.5,"[""price"", ""social""]",337.643837928772
0.4946387413568494,0.5092365902515024,0.44635193133047213,0.4757251273521156,-0.008043121767481827,0.0005706394440494478,0.02388806070089089,0.018341107293963432,-0.023598790168762207,0.5096703076460567,-0.15170802036526831,0.9755655,-99.38009,-99.786285,A6,gated_cross_attention,2,456,"[""price"", ""social""]",37633,10972,9979,137059,0.041046825517784984,51,20,0.005,64,30,1.0,64,0.0001,0.5,"[""price"", ""social""]",600.657105922699
0.49869921953171903,0.5246048314941844,0.3399033816425121,0.4125234521575985,0.009661411011207035,0.000528775854036212,0.02299512674538264,0.01802714355289936,-0.0034264326095581055,0.5173103862317391,0.6203108572712945,1.1042985,55936.848,-60.807735,A6,gated_cross_attention,3,456,"[""price"", ""social""]",45822,12721,9994,137059,0.0066117911987111505,62,20,0.005,64,30,1.0,64,0.0001,0.5,"[""price"", ""social""]",881.4204018115997
0.5084182543198936,0.5318845742785893,0.6226021684737281,0.5736791546589818,0.0016662495404795783,0.00036626323708333075,0.019138005044500608,0.014924954622983932,-0.008269309997558594,0.5241470979175897,0.3772905826548582,1.0623875,239.48352,-73.39232,A6,gated_cross_attention,4,456,"[""price"", ""social""]",53235,15339,4514,137059,0.025088191354930255,57,20,0.005,64,30,1.0,64,0.0001,0.5,"[""price"", ""social""]",962.5200428962708
0.5212871287128713,0.5497963717141799,0.5527638190954773,0.551276102088167,0.03828735579926574,0.001704671885818243,0.041287672322598216,0.02953421138226986,-0.4336433410644531,0.516039603960396,0.1299173259060764,1.0242915,-96.197075,-99.78762,A6,mha,0,42,"[""price"", ""social""]",22281,6372,10100,128803,0.0328657863586518,31,20,0.005,64,30,1.0,64,0.0001,0.5,"[""price"", ""social""]",209.9583432674408
0.5224850269008222,0.5490018148820327,0.6782511210762332,0.6068204613841525,0.01636860339448101,0.0005383118405006826,0.02320154823499248,0.017570683732628822,-0.03167164325714111,0.5373058572733732,1.0347755847432294,1.1825348,1.8209554e+07,-55.841923,A6,mha,1,42,"[""price"", ""social""]",29639,9112,9851,128803,0.044314063934000475,37,20,0.005,64,30,1.0,64,0.0001,0.5,"[""price"", ""social""]",336.15322279930115
0.49002906102815913,0.5037778231570349,0.481271946937183,0.4922677840965779,-0.01944531876265138,0.0005669331876561046,0.023810358830897625,0.01831740140914917,-0.016950488090515137,0.4865216955606774,-0.6070458031217063,0.9057475,-99.9993,-99.99943,A6,mha,2,42,"[""price"", ""social""]",37633,10972,9979,128803,0.03354750019409036,41,20,0.005,64,30,1.0,64,0.0001,0.5,"[""price"", ""social""]",470.6026511192322
0.508505103061837,0.5274358439390778,0.4885024154589372,0.507223113964687,0.018491572240420872,0.0005305511876940727,0.02303369678740416,0.018069149926304817,-0.006795406341552734,0.5173103862317391,0.5457473084106043,1.0912062,19090.055,-85.876366,A6,mha,3,42,"[""price"", ""social""]",45822,12721,9994,128803,0.02021781359449963,101,20,0.005,64,30,1.0,64,0.0001,0.5,"[""price"", ""social""]",1398.3647339344025
0.5104120513956579,0.5443396226415095,0.48123436196830693,0.5108455068614431,0.024709915406754067,0.0003660718211904168,0.019133003454513273,0.01491635013371706,-0.007742404937744141,0.516614975631369,0.21179846137315703,1.0345562,38.265324,-71.47304,A6,mha,4,42,"[""price"", ""social""]",53235,15339,4514,128803,0.025361697529228854,74,20,0.005,64,30,1.0,64,0.0001,0.5,"[""price"", ""social""]",1203.1489939689636
0.5056435643564356,0.5393211920529801,0.48501768099758047,0.5107300342969133,0.01409014956408688,0.0012919249711558223,0.035943357816929436,0.02447672374546528,-0.08651971817016602,0.49683168316831683,0.26131163170566196,1.0494616,-20.858055,-88.55774,A6,mha,0,123,"[""price"", ""social""]",22281,6372,10100,128803,0.024716229506844538,36,20,0.005,64,30,1.0,64,0.0001,0.5,"[""price"", ""social""]",240.9642789363861
0.5180184752816973,0.5517655125128557,0.601457399103139,0.5755408546397283,0.020492799193588082,0.0005222500185482204,0.022852790169872482,0.01771892048418522,-0.0008893013000488281,0.5421784590396914,1.2658377953654876,1.2276734,4.756917e+08,-62.85224,A6,mha,1,123,"[""price"", ""social""]",29639,9112,9851,128803,0.03108524157179496,57,20,0.005,64,30,1.0,64,0.0001,0.5,"[""price"", ""social""]",505.91071105003357
0.5005511574306043,0.5112734201333756,0.6281701131486539,0.5637254901960784,-0.006294789095338135,0.000572484394069761,0.023926646109928593,0.01831081509590149,-0.026908159255981445,0.5029562080368775,0.27575209585158206,1.0459918,249.10423,-92.314285,A6,mha,2,123,"[""price"", ""social""]",37633,10972,9979,128803,0.027768293894658513,39,20,0.005,64,30,1.0,64,0.0001,0.5,"[""price"", ""social""]",442.68860268592834
0.5174104462677607,0.5257686676427525,0.6939130434782609,0.5982507288629738,0.02339918493311287,0.0005276762531138957,0.022971204868571776,0.01801827922463417,-0.0013396739959716797,0.5140084050430258,0.6040600866850588,1.1014318,44202.668,-66.264565,A6,mha,3,123,"[""price"", ""social""]",45822,12721,9994,128803,0.008123679249014375,54,20,0.005,64,30,1.0,64,0.0001,0.5,"[""price"", ""social""]",733.3314788341522
0.5188303057155517,0.5376666666666666,0.6726438698915763,0.5976287513894035,0.018139378745742764,0.0003693228936754167,0.019217775461156182,0.015059501864016056,-0.016692161560058594,0.5048737261852015,-0.16187263200692276,0.9743697,-81.71881,-91.05931,A6,mha,4,123,"[""price"", ""social""]",53235,15339,4514,128803,0.0341681145087374,45,20,0.005,64,30,1.0,64,0.0001,0.5,"[""price"", ""social""]",722.6389830112457
0.5204950495049505,0.5483400218898212,0.559463986599665,0.5538461538461539,0.03572245743334026,0.001208681147545576,0.03476609192223906,0.023507479578256607,-0.016510963439941406,0.5327722772277228,0.0799629332963209,1.014882,-98.77152,-99.6775,A6,mha,0,456,"[""price"", ""social""]",22281,6372,10100,128803,0.030186681989536984,44,20,0.005,64,30,1.0,64,0.0001,0.5,"[""price"", ""social""]",295.5686719417572
0.5259364531519642,0.5478395061728395,0.7296337817638266,0.625801282051282,0.014760522395467768,0.0005221685860306025,0.022851008424807043,0.017688434571027756,-0.0007332563400268555,0.5443102223124556,1.4390346593913075,1.2626454,5.5337103e+09,-38.901,A6,mha,1,456,"[""price"", ""social""]",29639,9112,9851,128803,0.04318676065029641,52,20,0.005,64,30,1.0,64,0.0001,0.5,"[""price"", ""social""]",467.831152677536
0.49012927147008717,0.5027834749487254,0.6695278969957081,0.5742971887550201,-0.03207383919423914,0.000570598931517452,0.02388721271972626,0.018323849886655807,-0.02352607250213623,0.4982463172662591,-0.44923746046439644,0.92936176,-99.99252,-99.99609,A6,mha,2,456,"[""price"", ""social""]",37633,10972,9979,128803,0.03559692688551609,38,20,0.005,64,30,1.0,64,0.0001,0.5,"[""price"", ""social""]",434.3026900291443
0.5088052831699019,0.522860089377793,0.5878260869565217,0.5534431001546438,0.011927580303219002,0.0005301987403072417,0.023026044825528367,0.01806071773171425,-0.006126523017883301,0.5117070242145287,0.4831544788942236,1.0803361,7593.6387,-78.402115,A6,mha,3,456,"[""price"", ""social""]",45822,12721,9994,128803,0.013537367354590159,62,20,0.005,64,30,1.0,64,0.0001,0.5,"[""price"", ""social""]",850.3419380187988
0.516614975631369,0.5306296086216676,0.7802335279399499,0.6316677920324105,-0.002296176390338868,0.00037916586734354496,0.01947218188451271,0.015050863847136497,-0.04378843307495117,0.5194949047408064,0.5050268861106318,1.084381,580.9498,-48.427277,A6,mha,4,456,"[""price"", ""social""]",53235,15339,4514,128803,0.0161812276454472,41,20,0.005,64,30,1.0,64,0.0001,0.5,"[""price"", ""social""]",654.230865240097
