accuracy,precision,recall,f1,mcc,mse,rmse,mae,r2,directional_accuracy,sharpe_ratio,profit_factor,cumulative_return,max_drawdown,config_id,fusion_type,fold_idx,seed,modalities,n_train,n_val,n_test,n_params,best_val_mcc,epochs_trained,lookback,deadzone,batch_size,patience,grad_clip,hidden_dim,learning_rate,alpha,elapsed_s
0.5065346534653465,0.5307607148505457,0.6246045040014889,0.5738714090287278,-0.0031621616082104153,0.0012342507252469659,0.03513190466295509,0.023592038080096245,-0.03801524639129639,0.4978217821782178,-0.944094619569886,0.8398388,-100.0,-100.0,A1,concat,0,42,"[""price"", ""news"", ""macro"", ""social""]",23116,6372,10100,24419,0.060586658209101835,132,1,0.005,64,30,1.0,64,0.0001,0.5,764.9937410354614
0.5035021825195412,0.5446618872311567,0.5252242152466368,0.5347664795966898,0.002878370281519368,0.0006132575799711049,0.024764038038476377,0.018555087968707085,-0.17530488967895508,0.5419754339660948,1.317024073949966,1.2379059,9.841552e+08,-41.158398,A1,concat,1,42,"[""price"", ""news"", ""macro"", ""social""]",30474,9112,9851,24419,0.005922920476948418,32,1,0.005,64,30,1.0,64,0.0001,0.5,242.38876581192017
0.4871229582122457,0.5014695077149155,0.2662895044869294,0.34785932721712537,-0.014960493138530375,0.0005625855410471559,0.023718885746323665,0.018283890560269356,-0.009151816368103027,0.5035574706884457,0.06705056571806872,1.0109935,-82.70391,-96.35739,A1,concat,2,42,"[""price"", ""news"", ""macro"", ""social""]",38468,10972,9979,24419,0.057511490147614364,61,1,0.005,64,30,1.0,64,0.0001,0.5,577.4060049057007
0.5114068441064639,0.5316565481352992,0.47381642512077293,0.5010728517421069,0.02565065724880747,0.0005333067965693772,0.02309343622264511,0.018002258613705635,-0.012024521827697754,0.5252151290774465,0.6030497876119387,1.1012539,43753.996,-73.67787,A1,concat,3,42,"[""price"", ""news"", ""macro"", ""social""]",46657,12721,9994,24419,0.030283057916933382,122,1,0.005,64,30,1.0,64,0.0001,0.5,1414.7923979759216
0.47851129818342936,0.5071382219338092,0.6517931609674729,0.5704379562043795,-0.07084410547771434,0.0004883070359937847,0.022097670374810658,0.01670488901436329,-0.3442380428314209,0.5031014621178556,-0.4221819777233097,0.9345224,-95.553665,-96.1423,A1,concat,4,42,"[""price"", ""news"", ""macro"", ""social""]",54070,15339,4514,24419,0.02058664116892574,86,1,0.005,64,30,1.0,64,0.0001,0.5,1187.1723101139069
0.5093069306930693,0.5291323180103396,0.704820398287735,0.6044692737430167,-0.008900455168639174,0.0012297144858166575,0.03506728512184337,0.023781603202223778,-0.034200191497802734,0.4908910891089109,-0.3610212430034762,0.93547374,-99.99991,-99.99994,A1,concat,0,123,"[""price"", ""news"", ""macro"", ""social""]",23116,6372,10100,24419,0.06282228862266127,37,1,0.005,64,30,1.0,64,0.0001,0.5,211.5610671043396
0.5124352857577911,0.5663845223700121,0.437593423019432,0.4937282597238326,0.03942475859425504,0.0006505348137579858,0.02550558397210277,0.019441692158579826,-0.24674642086029053,0.48127093696071466,-0.707926625678192,0.89164346,-99.99969,-99.99977,A1,concat,1,123,"[""price"", ""news"", ""macro"", ""social""]",30474,9112,9851,24419,0.038125894279451504,32,1,0.005,64,30,1.0,64,0.0001,0.5,242.3928291797638
0.4967431606373384,0.5118721461187214,0.43737807257120564,0.4717020828950137,-0.0031969173184883746,0.0005607636412605643,0.023680448502099032,0.01824602298438549,-0.005883693695068359,0.5074656779236396,-0.0027512203109756905,0.9995515,-93.955574,-97.1461,A1,concat,2,123,"[""price"", ""news"", ""macro"", ""social""]",38468,10972,9979,24419,0.08805340871129184,77,1,0.005,64,30,1.0,64,0.0001,0.5,730.1228730678558
0.4930958575145087,0.526341227646206,0.21043478260869566,0.30066261733848704,0.008722940323925177,0.0005612673703581095,0.02369108208499792,0.01837184466421604,-0.06508362293243408,0.48138883329998,-0.7047694706432669,0.8934006,-99.99974,-99.999825,A1,concat,3,123,"[""price"", ""news"", ""macro"", ""social""]",46657,12721,9994,24419,-0.0007888317401227241,33,1,0.005,64,30,1.0,64,0.0001,0.5,382.8210918903351
0.4782897651750111,0.5195989061075661,0.237698081734779,0.3261802575107296,-0.013213268210760293,0.00036434640060178936,0.019087860032014833,0.01496123056858778,-0.0029925107955932617,0.49003101462117854,-0.24735949257708498,0.96110016,-88.48894,-95.71602,A1,concat,4,123,"[""price"", ""news"", ""macro"", ""social""]",54070,15339,4514,24419,0.004220837768665243,43,1,0.005,64,30,1.0,64,0.0001,0.5,570.7119421958923
0.48207920792079206,0.5228737113402062,0.30206588498045783,0.38291848531320044,-0.012156455507415422,0.0017924554413184524,0.042337400030215036,0.028993239626288414,-0.5074700117111206,0.5157425742574258,-0.10918717492119867,0.98003083,-99.98054,-99.99198,A1,concat,0,456,"[""price"", ""news"", ""macro"", ""social""]",23116,6372,10100,24419,0.03217380347653311,31,1,0.005,64,30,1.0,64,0.0001,0.5,176.90751433372498
0.47183027103847325,0.6207455429497569,0.07156203288490284,0.12832970346791758,0.04019165039434191,0.0006268885917961597,0.02503774334472178,0.019038697704672813,-0.20142853260040283,0.4746726220688255,-0.7886239980264824,0.8800596,-99.9999,-99.99991,A1,concat,1,456,"[""price"", ""news"", ""macro"", ""social""]",30474,9112,9851,24419,0.004988470444585839,135,1,0.005,64,30,1.0,64,0.0001,0.5,1060.032231092453
0.48572001202525306,0.49858623939679547,0.20639875146312914,0.29194260485651213,-0.015692699872038803,0.000562598928809166,0.02371916796199154,0.018267357721924782,-0.009175896644592285,0.5127768313458262,0.024212541865254792,1.0039561,-90.90736,-97.1982,A1,concat,2,456,"[""price"", ""news"", ""macro"", ""social""]",38468,10972,9979,24419,0.07692901748758937,53,1,0.005,64,30,1.0,64,0.0001,0.5,522.5618481636047
0.49619771863117873,0.5154798761609907,0.4504347826086956,0.48076724760235123,-0.004240380795884238,0.0008437799988314509,0.02904789146963082,0.022872064262628555,-0.6011910438537598,0.5169101460876526,0.640925358166915,1.1079458,76434.125,-72.284584,A1,concat,3,456,"[""price"", ""news"", ""macro"", ""social""]",46657,12721,9994,24419,0.008217878409825914,31,1,0.005,64,30,1.0,64,0.0001,0.5,366.50120306015015
0.4811696942844484,0.5397727272727273,0.15846538782318598,0.24500322372662797,0.007353372020852335,0.0003873658715747297,0.019681612524758474,0.015200383961200714,-0.06636178493499756,0.4811696942844484,-0.360356482298668,0.9438366,-93.76194,-96.20145,A1,concat,4,456,"[""price"", ""news"", ""macro"", ""social""]",54070,15339,4514,24419,0.03323660746698298,70,1,0.005,64,30,1.0,64,0.0001,0.5,965.114471912384
0.499009900990099,0.5232299242986492,0.6560580681183696,0.5821635012386458,-0.024820563152326485,0.0012480055447667837,0.03532712194287533,0.023498637601733208,-0.0495830774307251,0.5258415841584159,-0.001450531380616915,0.999732,-99.79247,-99.96391,A1,gated_cross_attention,0,42,"[""price"", ""news"", ""macro"", ""social""]",23116,6372,10100,32995,0.04771431630690834,89,1,0.005,64,30,1.0,64,0.0001,0.5,574.1068158149719
0.5119277230737996,0.5482611781405252,0.577354260089686,0.5624317437204223,0.011528287240652038,0.0006078720325604081,0.02465506099283488,0.018761789426207542,-0.16498339176177979,0.4976144553852401,-0.019993518314244983,0.9967665,-94.49347,-97.978905,A1,gated_cross_attention,1,42,"[""price"", ""news"", ""macro"", ""social""]",30474,9112,9851,32995,0.038864336326084964,32,1,0.005,64,30,1.0,64,0.0001,0.5,276.16939401626587
0.48371580318669205,0.4865424430641822,0.09168942645337495,0.15430072225869992,-0.017774475806222764,0.0005642060423269868,0.023753021751494834,0.01830492913722992,-0.012058615684509277,0.508267361459064,-0.40194489011993056,0.9365573,-99.9852,-99.98951,A1,gated_cross_attention,2,42,"[""price"", ""news"", ""macro"", ""social""]",38468,10972,9979,32995,0.06526148383469965,63,1,0.005,64,30,1.0,64,0.0001,0.5,679.832377910614
0.50620372223334,0.5338028169014084,0.36618357487922704,0.4343839541547278,0.023754639302230044,0.0005295310984365642,0.02301154272178561,0.018080532550811768,-0.004859566688537598,0.5142085251150691,0.42615883279642947,1.0705326,3259.7087,-68.569115,A1,gated_cross_attention,3,42,"[""price"", ""news"", ""macro"", ""social""]",46657,12721,9994,32995,0.006166159704336335,39,1,0.005,64,30,1.0,64,0.0001,0.5,513.3552279472351
0.4986708019494905,0.5241157556270096,0.6117597998331943,0.5645564748893592,-0.01822857940498136,0.00036590121453627944,0.01912854449602163,0.014910240657627583,-0.0072727203369140625,0.5254762959680992,0.5941609417104166,1.0999981,1001.46686,-39.164307,A1,gated_cross_attention,4,42,"[""price"", ""news"", ""macro"", ""social""]",54070,15339,4514,32995,0.025029839983165356,45,1,0.005,64,30,1.0,64,0.0001,0.5,677.5843448638916
0.5201980198019802,0.5318660055629459,0.818537130094919,0.644773493622636,-0.0004863398909644837,0.0011923875426873565,0.03453096498343706,0.023379826918244362,-0.0028079748153686523,0.5317821782178218,0.1247340434013723,1.0233111,-96.68771,-99.70315,A1,gated_cross_attention,0,123,"[""price"", ""news"", ""macro"", ""social""]",23116,6372,10100,32995,0.049832089806562584,54,1,0.005,64,30,1.0,64,0.0001,0.5,350.7983181476593
0.5139579738097655,0.5614646904969486,0.4813153961136024,0.5183098591549296,0.03405685200517519,0.0020122812129557133,0.04485845754097786,0.03521477058529854,-2.8565261363983154,0.48827530199979696,-0.2348634874965901,0.9626686,-99.73342,-99.86916,A1,gated_cross_attention,1,123,"[""price"", ""news"", ""macro"", ""social""]",30474,9112,9851,32995,0.028790401740391252,31,1,0.005,64,30,1.0,64,0.0001,0.5,274.4126470088959
0.49614189798577013,0.5157556270096463,0.3129145532579009,0.3895094706168043,0.0027960308014911626,0.0005866320570930839,0.02422048837437189,0.018510611727833748,-0.05228579044342041,0.5168854594648762,0.23838875650689598,1.0396382,116.53571,-83.63951,A1,gated_cross_attention,2,123,"[""price"", ""news"", ""macro"", ""social""]",38468,10972,9979,32995,0.065064976351268,127,1,0.005,64,30,1.0,64,0.0001,0.5,1402.8754060268402
0.5009005403241945,0.5264348317783433,0.35980676328502414,0.42745638200183655,0.012773911703002913,0.0005269766552373767,0.022955972103951006,0.018060576170682907,-1.2278556823730469e-05,0.5178106864118471,0.6589621889619058,1.111147,97656.16,-67.96508,A1,gated_cross_attention,3,123,"[""price"", ""news"", ""macro"", ""social""]",46657,12721,9994,32995,0.009584702391460958,53,1,0.005,64,30,1.0,64,0.0001,0.5,711.7011830806732
0.4966770048737262,0.5208058124174373,0.6576313594662219,0.5812753409509768,-0.029836385067390902,0.00037065648939460516,0.019252441128194762,0.01489050593227148,-0.020363330841064453,0.5303500221533008,0.5722716804062162,1.0961422,876.0931,-47.161995,A1,gated_cross_attention,4,123,"[""price"", ""news"", ""macro"", ""social""]",54070,15339,4514,32995,0.0006774060952005773,51,1,0.005,64,30,1.0,64,0.0001,0.5,788.6733250617981
0.5116831683168317,0.537089991589571,0.5942676344686395,0.5642339635978088,0.012249374801549825,0.0012203884543851018,0.03493405865892341,0.02354169264435768,-0.026356935501098633,0.5062376237623762,0.06278003555731637,1.0116655,-99.14759,-99.8585,A1,gated_cross_attention,0,456,"[""price"", ""news"", ""macro"", ""social""]",23116,6372,10100,32995,0.0273231614718542,38,1,0.005,64,30,1.0,64,0.0001,0.5,251.4834921360016
0.5103035224850269,0.5533980582524272,0.5112107623318386,0.5314685314685315,0.020358424320209307,0.0011776770697906613,0.034317299861595485,0.026778776198625565,-1.2570116519927979,0.51070957263222,0.39992231087916047,1.0669303,2132.933,-90.391426,A1,gated_cross_attention,1,456,"[""price"", ""news"", ""macro"", ""social""]",30474,9112,9851,32995,0.01932893140251518,31,1,0.005,64,30,1.0,64,0.0001,0.5,274.0758469104767
0.4992484216855396,0.5144327590064891,0.44849785407725323,0.4792079207920792,0.0013586659781953212,0.0005775264580734074,0.024031780168631025,0.01841459609568119,-0.03595244884490967,0.508066940575208,0.20076765310900446,1.0332798,25.8484,-91.11441,A1,gated_cross_attention,2,456,"[""price"", ""news"", ""macro"", ""social""]",38468,10972,9979,32995,0.07820908598620921,85,1,0.005,64,30,1.0,64,0.0001,0.5,935.9522519111633
0.5059035421252752,0.531795009390931,0.3829951690821256,0.445293192541002,0.02158226395335422,0.0005286516970954835,0.022992426950965476,0.01804218627512455,-0.0031908750534057617,0.5182109265559336,0.5595779502642032,1.0936229,23261.86,-74.4365,A1,gated_cross_attention,3,456,"[""price"", ""news"", ""macro"", ""social""]",46657,12721,9994,32995,0.025176387767311906,98,1,0.005,64,30,1.0,64,0.0001,0.5,1305.7998268604279
0.4705361098803722,0.5273972602739726,0.03211009174311927,0.060534591194968554,-0.001406437240425826,0.00041147819138132036,0.020284925224937862,0.015571602620184422,-0.13273954391479492,0.47851129818342936,-0.3871914721754298,0.93978244,-94.60155,-96.39847,A1,gated_cross_attention,4,456,"[""price"", ""news"", ""macro"", ""social""]",54070,15339,4514,32995,0.03228447779592437,134,1,0.005,64,30,1.0,64,0.0001,0.5,2067.7824380397797
0.4797029702970297,0.5146839223494276,0.3848873999627768,0.440421680332233,-0.02817438916895883,0.0012280683731660247,0.03504380648796624,0.023621009662747383,-0.03281581401824951,0.49485148514851485,-0.40872094305813267,0.9272634,-99.99997,-99.99998,A1,mha,0,42,"[""price"", ""news"", ""macro"", ""social""]",23116,6372,10100,24739,0.06490111799036857,95,1,0.005,64,30,1.0,64,0.0001,0.5,600.7838289737701
0.507562683991473,0.5602598027423623,0.4351644245142003,0.48985171942370387,0.029099925924203796,0.000697077892255038,0.026402232713447514,0.020346399396657944,-0.3359459638595581,0.47974824890874024,-0.8407045485954914,0.8726632,-99.999954,-99.99996,A1,mha,1,42,"[""price"", ""news"", ""macro"", ""social""]",30474,9112,9851,24739,0.05454321658838165,32,1,0.005,64,30,1.0,64,0.0001,0.5,272.6334102153778
0.4842168553963323,0.49568788501026695,0.23546625048770972,0.3192699378389102,-0.020449969646185683,0.0005626842612400651,0.02372096670121319,0.018265211954712868,-0.009328961372375488,0.5079667301332799,-0.08820068656686278,0.9857208,-98.28303,-98.891754,A1,mha,2,42,"[""price"", ""news"", ""macro"", ""social""]",38468,10972,9979,24739,0.05418110407890667,48,1,0.005,64,30,1.0,64,0.0001,0.5,511.4134330749512
0.5146087652591554,0.5489425981873112,0.3511111111111111,0.428285209192693,0.04384370754829208,0.0005249945679679513,0.022912759937815247,0.01796358823776245,0.0037491321563720703,0.5173103862317391,0.4028854960616018,1.0665551,2302.528,-68.723694,A1,mha,3,42,"[""price"", ""news"", ""macro"", ""social""]",46657,12721,9994,24739,0.013502295977963898,91,1,0.005,64,30,1.0,64,0.0001,0.5,1164.4303119182587
0.4782897651750111,0.5244040862656073,0.1926605504587156,0.2817932296431839,-0.00674196609611215,0.000387053209124133,0.019673667912317037,0.015149148181080818,-0.06550109386444092,0.49756313690739923,-0.5282307662626112,0.9187586,-97.499664,-98.23893,A1,mha,4,42,"[""price"", ""news"", ""macro"", ""social""]",54070,15339,4514,24739,0.038585821107041424,141,1,0.005,64,30,1.0,64,0.0001,0.5,2098.631791830063
0.5057425742574257,0.5286768026494054,0.6536385631863019,0.5845539280958721,-0.009177262298385022,0.001311252941377461,0.0362112267311874,0.02479264885187149,-0.1027747392654419,0.5299009900990099,1.1386499889773323,1.2344049,1.7768862e+10,-55.83529,A1,mha,0,123,"[""price"", ""news"", ""macro"", ""social""]",23116,6372,10100,24739,0.046364814448742436,35,1,0.005,64,30,1.0,64,0.0001,0.5,223.11380195617676
0.5091868845802456,0.5645443196004993,0.4224588938714499,0.48327455380998185,0.0353084922003818,0.0008565188036300242,0.029266342505171777,0.022434229031205177,-0.6415135860443115,0.49588874225966906,-0.10501629825058864,0.9831321,-98.34139,-98.9604,A1,mha,1,123,"[""price"", ""news"", ""macro"", ""social""]",30474,9112,9851,24739,0.024632071622896053,31,1,0.005,64,30,1.0,64,0.0001,0.5,267.5054461956024
0.4946387413568494,0.5151958989381179,0.2744830277019118,0.35815196639938907,0.0018632864042898282,0.0005661990726366639,0.02379493796244621,0.018330926075577736,-0.015633702278137207,0.5104719911814811,0.29939663647788567,1.0500327,443.70755,-87.45803,A1,mha,2,123,"[""price"", ""news"", ""macro"", ""social""]",38468,10972,9979,24739,0.06917845771797712,89,1,0.005,64,30,1.0,64,0.0001,0.5,943.2770998477936
0.5071042625575345,0.526062382248273,0.4856038647342995,0.505024115755627,0.015802147758140598,0.0006005881004966795,0.024506899038774357,0.019088316708803177,-0.13970017433166504,0.49399639783870325,-0.26284547196903796,0.95883465,-99.84154,-99.89111,A1,mha,3,123,"[""price"", ""news"", ""macro"", ""social""]",46657,12721,9994,24739,0.0026248976889337583,32,1,0.005,64,30,1.0,64,0.0001,0.5,409.91838002204895
0.5099689853788214,0.5232849273910867,0.8715596330275229,0.6539424280350438,-0.044158634286349134,0.000828306598123163,0.028780316157456697,0.022613801062107086,-1.2802073955535889,0.47385910500664596,-0.734456201743017,0.888859,-99.179085,-99.21757,A1,mha,4,123,"[""price"", ""news"", ""macro"", ""social""]",54070,15339,4514,24739,-0.0048177151503814315,31,1,0.005,64,30,1.0,64,0.0001,0.5,461.57338094711304
0.5108910891089109,0.5273324075243024,0.7774055462497673,0.6284037911839928,-0.01775939175137027,0.0013473585713654757,0.036706383250947994,0.024634912610054016,-0.13313984870910645,0.5227722772277228,0.13160313386104397,1.0246106,-96.149185,-99.43404,A1,mha,0,456,"[""price"", ""news"", ""macro"", ""social""]",23116,6372,10100,24739,0.026250541758686453,39,1,0.005,64,30,1.0,64,0.0001,0.5,249.0146508216858
0.4911176530301492,0.6097087378640776,0.17600896860986548,0.27316224445411047,0.05750291200126648,0.0005252559785731137,0.022918463704470107,0.017785748466849327,-0.006650209426879883,0.5133488985889757,0.3840977417340379,1.0641986,1636.7137,-90.166595,A1,mha,1,456,"[""price"", ""news"", ""macro"", ""social""]",30474,9112,9851,24739,0.014808752949546223,53,1,0.005,64,30,1.0,64,0.0001,0.5,452.0074200630188
0.48050906904499446,0.48994452149791956,0.2756535310183379,0.35280898876404493,-0.03027531509759301,0.0005592660745605826,0.023648807043074767,0.018252819776535034,-0.0031974315643310547,0.504058522898086,-0.009114398688256701,0.99851495,-94.4895,-95.60334,A1,mha,2,456,"[""price"", ""news"", ""macro"", ""social""]",38468,10972,9979,24739,0.0600197904649106,50,1,0.005,64,30,1.0,64,0.0001,0.5,545.6584918498993
0.5153091855113068,0.5269675737330943,0.624927536231884,0.5717821782178217,0.02311568763555665,0.0006616372847929597,0.025722311031339304,0.0196816548705101,-0.25554966926574707,0.5057034220532319,0.10364846335982049,1.0167143,-68.02213,-98.52386,A1,mha,3,456,"[""price"", ""news"", ""macro"", ""social""]",46657,12721,9994,24739,0.008613935463068408,32,1,0.005,64,30,1.0,64,0.0001,0.5,420.92029881477356
0.49534780682321666,0.5247116968698518,0.5312760633861552,0.5279734769995856,-0.0141055724899872,0.0003785779408644885,0.01945707945362018,0.01501539908349514,-0.042169928550720215,0.5081967213114754,0.009265841537640707,1.0014874,-53.660988,-83.5215,A1,mha,4,456,"[""price"", ""news"", ""macro"", ""social""]",54070,15339,4514,24739,0.024596016076523734,82,1,0.005,64,30,1.0,64,0.0001,0.5,1259.0471668243408
0.5121782178217822,0.5263718070009461,0.8284012655871953,0.6437197194301829,-0.025491184602301462,0.0012358229141682386,0.035154273057030186,0.023380501195788383,-0.0393373966217041,0.5153465346534654,-0.15728163762952105,0.97136146,-99.9932,-99.99734,A2,concat,0,42,"[""price"", ""news"", ""macro""]",23116,6372,10100,18979,0.06350925702727823,94,1,0.005,64,30,1.0,64,0.0001,0.5,495.7082359790802
0.5077657090650696,0.5431907951227889,0.5909940209267563,0.5660850111856823,-0.0002517588974033188,0.0008763644727878273,0.029603453730736,0.02332291752099991,-0.6795476675033569,0.4577200284235103,-1.214848680039601,0.8213112,-100.0,-100.0,A2,concat,1,42,"[""price"", ""news"", ""macro""]",30474,9112,9851,18979,8.270878102442438e-05,32,1,0.005,64,30,1.0,64,0.0001,0.5,220.88962316513062
0.4915322176570799,0.5071507150715071,0.35973468591494345,0.4209084683862132,-0.009888672307105028,0.0005612332024611533,0.02369036096097215,0.018243715167045593,-0.00672602653503418,0.510371780739553,0.15354581079611496,1.0253538,-41.505497,-83.065216,A2,concat,2,42,"[""price"", ""news"", ""macro""]",38468,10972,9979,18979,0.03515477883074124,62,1,0.005,64,30,1.0,64,0.0001,0.5,536.1684150695801
0.507504502701621,0.5147728599789794,0.8517874396135265,0.6417236861260737,-0.01487174111547659,0.0010810097446665168,0.03287871263700142,0.026180246844887733,-1.0513677597045898,0.48218931358815287,-0.6391518941711413,0.9028274,-99.99931,-99.99947,A2,concat,3,42,"[""price"", ""news"", ""macro""]",46657,12721,9994,18979,0.007818539998270787,31,1,0.005,64,30,1.0,64,0.0001,0.5,322.2816848754883
0.47518830305715554,0.5095457537853851,0.32276897414512096,0.3952004084758744,-0.030954741124667805,0.00038388173561543226,0.01959290013283976,0.01512895431369543,-0.0567704439163208,0.4831634913602127,-0.864807727389764,0.8704617,-99.59511,-99.598656,A2,concat,4,42,"[""price"", ""news"", ""macro""]",54070,15339,4514,18979,0.014755643487689577,81,1,0.005,64,30,1.0,64,0.0001,0.5,991.0714318752289
0.5154455445544555,0.5328307059629883,0.723431974688256,0.6136722450268393,0.002748810123854789,0.0012083824258297682,0.034761795492030734,0.02329135313630104,-0.01625978946685791,0.5335643564356436,0.24986915495504503,1.0472451,-48.27124,-99.79378,A2,concat,0,123,"[""price"", ""news"", ""macro""]",23116,6372,10100,18979,0.04479946289262639,44,1,0.005,64,30,1.0,64,0.0001,0.5,233.12299180030823
0.5172063749873109,0.5651223776223776,0.48318385650224216,0.5209508460918614,0.04081273310260916,0.0008979637059383094,0.02996604254716177,0.023575985804200172,-0.720942497253418,0.5377119074205664,1.1955726894004193,1.213766,1.7737898e+08,-41.346474,A2,concat,1,123,"[""price"", ""news"", ""macro""]",30474,9112,9851,18979,0.02615342615584632,31,1,0.005,64,30,1.0,64,0.0001,0.5,218.26813411712646
0.4995490530113238,0.5129513343799058,0.5099492781896215,0.5114459009978478,-0.0014867290003734233,0.000564060581382364,0.02374995960801542,0.01831076294183731,-0.011797666549682617,0.506263152620503,-0.09690758224166864,0.9843222,-98.50384,-99.22858,A2,concat,2,123,"[""price"", ""news"", ""macro""]",38468,10972,9979,18979,0.06419521588725276,61,1,0.005,64,30,1.0,64,0.0001,0.5,542.6665978431702
0.5101060636381829,0.5170267301354815,0.8185507246376812,0.6337522441651705,-0.003346279149374074,0.0005893825436942279,0.024277202138925067,0.018522147089242935,-0.11843609809875488,0.5072043225935561,0.3199214263167324,1.0524964,626.987,-90.44376,A2,concat,3,123,"[""price"", ""news"", ""macro""]",46657,12721,9994,18979,0.016242773328625202,32,1,0.005,64,30,1.0,64,0.0001,0.5,346.5571959018707
0.4720868409393,0.5174013921113689,0.09299416180150125,0.15765288087663484,-0.009007406724719598,0.0003680664813145995,0.019185058804043306,0.015009230002760887,-0.013233304023742676,0.5019937970757643,-0.2609944496008458,0.95900035,-89.32906,-93.383835,A2,concat,4,123,"[""price"", ""news"", ""macro""]",54070,15339,4514,18979,0.0172769084427578,63,1,0.005,64,30,1.0,64,0.0001,0.5,780.7366387844086
0.5012871287128713,0.5280093364454819,0.589428624604504,0.5570310438835635,-0.009622995943185612,0.0012638476910069585,0.035550635592165696,0.02364715188741684,-0.06290650367736816,0.49673267326732673,-0.5786830345394587,0.898583,-100.0,-100.0,A2,concat,0,456,"[""price"", ""news"", ""macro""]",23116,6372,10100,18979,0.04369868512419937,93,1,0.005,64,30,1.0,64,0.0001,0.5,500.0861928462982
0.4609684296010557,0.675,0.015134529147982063,0.029605263157894735,0.02936149060958227,0.0006498012808151543,0.025491200066202344,0.019379878416657448,-0.24534058570861816,0.4632017054106182,-1.1342358738160216,0.8321159,-100.0,-100.0,A2,concat,1,456,"[""price"", ""news"", ""macro""]",30474,9112,9851,18979,0.00915457043019527,150,1,0.005,64,30,1.0,64,0.0001,0.5,29494.618106126785
0.48572001202525306,0.49911242603550293,0.3291065158017948,0.39666118034328707,-0.020857444228415286,0.0005619588773697615,0.02370567183966237,0.018210092559456825,-0.00802767276763916,0.5135785148812506,-0.199710694824418,0.96795887,-99.70153,-99.89098,A2,concat,2,456,"[""price"", ""news"", ""macro""]",38468,10972,9979,18979,0.08401570216463163,48,1,0.005,64,30,1.0,64,0.0001,0.5,421.5278408527374
0.5118070842505503,0.5689655172413793,0.23594202898550726,0.3335609889359377,0.053533756513519194,0.0005268582026474178,0.02295339196387797,0.01804618164896965,0.00021260976791381836,0.5197118270962577,0.42102581686935076,1.0696541,3040.0417,-87.0271,A2,concat,3,456,"[""price"", ""news"", ""macro""]",46657,12721,9994,18979,-0.0010728769344385434,54,1,0.005,64,30,1.0,64,0.0001,0.5,578.2237730026245
0.47540983606557374,0.5431034482758621,0.07881567973311093,0.13765477057538236,0.006873229221006365,0.0008147233747877181,0.028543359556781646,0.022915560752153397,-1.2428147792816162,0.5321222862206468,0.6256244484863487,1.1055646,1203.2643,-50.962563,A2,concat,4,456,"[""price"", ""news"", ""macro""]",54070,15339,4514,18979,0.010128643764056346,31,1,0.005,64,30,1.0,64,0.0001,0.5,389.08856225013733
0.4977227722772277,0.5196592398427261,0.7379490042806626,0.6098592632469431,-0.04339887063752745,0.0012637566542252898,0.03554935518719418,0.023633241653442383,-0.06282997131347656,0.5047524752475248,-0.5408183452201095,0.9048957,-100.0,-100.0,A2,gated_cross_attention,0,42,"[""price"", ""news"", ""macro""]",23116,6372,10100,31651,0.07079120871330091,100,1,0.005,64,30,1.0,64,0.0001,0.5,667.9606959819794
0.5123337732209928,0.5511958146487295,0.5511958146487295,0.5511958146487295,0.017299393221745674,0.0007210865733213723,0.02685305519529151,0.02033490687608719,-0.38195836544036865,0.5426860217236829,1.2671166953745776,1.227928,4.8582896e+08,-47.562023,A2,gated_cross_attention,1,42,"[""price"", ""news"", ""macro""]",30474,9112,9851,31651,0.014963721370862621,33,1,0.005,64,30,1.0,64,0.0001,0.5,310.13156390190125
0.48411664495440426,0.48793859649122806,0.08681232930159968,0.14739980125869492,-0.01633311062614495,0.0005593682872131467,0.023650967997381138,0.018198659643530846,-0.0033807754516601562,0.514480408858603,-0.14929674742086615,0.97594917,-99.31882,-99.604935,A2,gated_cross_attention,2,42,"[""price"", ""news"", ""macro""]",38468,10972,9979,31651,0.06200108542404955,45,1,0.005,64,30,1.0,64,0.0001,0.5,484.7028479576111
0.49489693816289776,0.5126771810740667,0.49623188405797103,0.5043205027494109,-0.010298231665631385,0.0014800896169617772,0.038471932846710175,0.030930008739233017,-1.8086776733398438,0.5041024614768861,0.06755403723799332,1.0108624,-80.96435,-96.40312,A2,gated_cross_attention,3,42,"[""price"", ""news"", ""macro""]",46657,12721,9994,31651,0.01024313939245219,31,1,0.005,64,30,1.0,64,0.0001,0.5,389.2533481121063
0.4789543642002658,0.5219465648854962,0.2281067556296914,0.3174695298897272,-0.010236276532148656,0.0003641149087343365,0.01908179521780738,0.014924880117177963,-0.002355217933654785,0.5312361541869739,0.5978952753307814,1.1006573,1021.6441,-46.503525,A2,gated_cross_attention,4,42,"[""price"", ""news"", ""macro""]",54070,15339,4514,31651,0.0037918306339330674,42,1,0.005,64,30,1.0,64,0.0001,0.5,628.6697909832001
0.5231683168316832,0.5314085936618924,0.8769774799925554,0.6617977528089888,-0.00307200911153409,0.0012206323444843292,0.03493754920546559,0.023281415924429893,-0.026562094688415527,0.5281188118811881,0.0634927712751817,1.0117987,-99.135086,-99.87103,A2,gated_cross_attention,0,123,"[""price"", ""news"", ""macro""]",23116,6372,10100,31651,0.05619680764712962,91,1,0.005,64,30,1.0,64,0.0001,0.5,597.215047121048
0.5297939295502995,0.5579710144927537,0.6474215246636771,0.5993772703684483,0.03847733583145796,0.0018033426022157073,0.042465781544859235,0.03204896301031113,-2.4560964107513428,0.5133488985889757,0.461597834491028,1.0776445,5208.0776,-77.97174,A2,gated_cross_attention,1,123,"[""price"", ""news"", ""macro""]",30474,9112,9851,31651,0.016477404955762946,31,1,0.005,64,30,1.0,64,0.0001,0.5,286.365953207016
0.48722316865417375,0.5008234217749313,0.5339445961763558,0.5168539325842697,-0.028300181300846397,0.0005636385176330805,0.02374107237748709,0.01827024295926094,-0.011040687561035156,0.5137789357651067,0.048935282101263466,1.0080116,-87.05216,-97.27119,A2,gated_cross_attention,2,123,"[""price"", ""news"", ""macro""]",38468,10972,9979,31651,0.08034569793205737,76,1,0.005,64,30,1.0,64,0.0001,0.5,866.6614809036255
0.49289573744246545,0.5122118237845241,0.4336231884057971,0.4696525742988698,-0.009899075171951878,0.0005280402256175876,0.022979125867134013,0.018077237531542778,-0.002030491828918457,0.511106663998399,0.3814488409360555,1.0629046,1670.9432,-90.92095,A2,gated_cross_attention,3,123,"[""price"", ""news"", ""macro""]",46657,12721,9994,31651,0.005068828866880677,48,1,0.005,64,30,1.0,64,0.0001,0.5,611.8366272449493
0.4849357554275587,0.5169059749884206,0.4653878231859883,0.4897959183673469,-0.027495499920332143,0.00036455728695727885,0.019093383329239447,0.014886923134326935,-0.0035730600357055664,0.5287992910943731,0.5127343491636572,1.0857227,607.00494,-51.761158,A2,gated_cross_attention,4,123,"[""price"", ""news"", ""macro""]",54070,15339,4514,31651,-0.00881588128203117,42,1,0.005,64,30,1.0,64,0.0001,0.5,600.5601708889008
0.49504950495049505,0.5219771373369828,0.6033873069048948,0.5597375690607734,-0.025334646497861806,0.0012352523626759648,0.035146157153748185,0.023491783067584038,-0.03885769844055176,0.5177227722772277,-0.4300518313906401,0.9236149,-99.999985,-99.999985,A2,gated_cross_attention,0,456,"[""price"", ""news"", ""macro""]",23116,6372,10100,31651,0.038479056349160726,65,1,0.005,64,30,1.0,64,0.0001,0.5,399.9558300971985
0.508983859506649,0.5741007194244604,0.3727578475336323,0.4520222045995242,0.04565596317535934,0.0009307480067946017,0.030508162953455615,0.02402719482779503,-0.7837734222412109,0.5236016648056034,0.8304319525176675,1.1440115,1.01117394e+06,-60.29579,A2,gated_cross_attention,1,456,"[""price"", ""news"", ""macro""]",30474,9112,9851,31651,0.012092637621906255,32,1,0.005,64,30,1.0,64,0.0001,0.5,272.0696630477905
0.4969435815211945,0.517052767052767,0.31349980491611396,0.3903327665776051,0.004540185072009925,0.0005726939998567104,0.023931025883917104,0.01832810416817665,-0.02728414535522461,0.5199919831646458,0.2675198792967227,1.0445887,237.89711,-80.75146,A2,gated_cross_attention,2,456,"[""price"", ""news"", ""macro""]",38468,10972,9979,31651,0.07417764130388928,82,1,0.005,64,30,1.0,64,0.0001,0.5,832.9650411605835
0.48959375625375223,0.51430781129157,0.2570048309178744,0.3427393377142121,-0.004141847772958135,0.0005274292780086398,0.022965828485135037,0.01804795116186142,-0.0008710622787475586,0.5178106864118471,0.6438171648091283,1.1084584,78444.71,-67.965096,A2,gated_cross_attention,3,456,"[""price"", ""news"", ""macro""]",46657,12721,9994,31651,0.010093038316910342,42,1,0.005,64,30,1.0,64,0.0001,0.5,5611.1648099422455
0.47297297297297297,0.5104510451045104,0.19349457881567975,0.2806168732990626,-0.020915138693146734,0.0003655209147837013,0.01911860127686388,0.015003716573119164,-0.0062258243560791016,0.49113867966326985,-0.13750326211554867,0.97818595,-79.0936,-91.8258,A2,gated_cross_attention,4,456,"[""price"", ""news"", ""macro""]",54070,15339,4514,31651,0.02398816259528059,61,1,0.005,64,30,1.0,64,0.0001,0.5,891.4979360103607
0.5042574257425743,0.5315953038674033,0.5730504373720454,0.5515450067174205,-0.0008944125710730088,0.00123994005843997,0.03521278260007252,0.023487303406000137,-0.042799949645996094,0.5166336633663366,-0.15160785681720595,0.97238016,-99.99228,-99.995346,A2,mha,0,42,"[""price"", ""news"", ""macro""]",23116,6372,10100,23395,0.0642929858796122,81,1,0.005,64,30,1.0,64,0.0001,0.5,469.595645904541
0.4932494163029134,0.5665680473372781,0.2862481315396114,0.38033763654419067,0.028738041426476988,0.0005745056550949812,0.023968847596306776,0.018219053745269775,-0.1010369062423706,0.49629479240686225,-0.1716679173616185,0.9725744,-99.362495,-99.77944,A2,mha,1,42,"[""price"", ""news"", ""macro""]",30474,9112,9851,23395,0.011421200577922584,114,1,0.005,64,30,1.0,64,0.0001,0.5,882.0022640228271
0.48942779837659084,0.5056384139687159,0.27116660163870465,0.353015873015873,-0.009919360270401014,0.0005608662031590939,0.023682613942702647,0.018252084031701088,-0.006067633628845215,0.5034572602465177,-0.10333128864714808,0.9832918,-98.61991,-98.841484,A2,mha,2,42,"[""price"", ""news"", ""macro""]",38468,10972,9979,23395,0.06454944125548194,43,1,0.005,64,30,1.0,64,0.0001,0.5,416.0112953186035
0.48409045427256353,0.5021022350077451,0.4384541062801932,0.4681246131627811,-0.028560656542610845,0.0007144588744267821,0.026729363524535747,0.02081848867237568,-0.3557860851287842,0.5096057634580748,0.4597768242265357,1.0763042,5437.37,-74.591354,A2,mha,3,42,"[""price"", ""news"", ""macro""]",46657,12721,9994,23395,-0.001256973893819383,31,1,0.005,64,30,1.0,64,0.0001,0.5,355.45362997055054
0.48139122729286665,0.5148360229047371,0.4124270225187656,0.45797638342208846,-0.02828712973495986,0.0003656104963738471,0.01912094391953094,0.014946444891393185,-0.006472468376159668,0.5292423571112096,0.6090870992704981,1.1026355,1091.9136,-54.974003,A2,mha,4,42,"[""price"", ""news"", ""macro""]",54070,15339,4514,23395,0.007164775188315138,36,1,0.005,64,30,1.0,64,0.0001,0.5,480.5554871559143
0.510990099009901,0.5317715959004392,0.6759724548669273,0.595263459804966,-0.0006041925199923104,0.00569420401006937,0.0754599497088977,0.061310406774282455,-3.7888731956481934,0.5265346534653466,0.15634273188091657,1.0293043,-93.34849,-99.406265,A2,mha,0,123,"[""price"", ""news"", ""macro""]",23116,6372,10100,23395,0.04659842800104108,31,1,0.005,64,30,1.0,64,0.0001,0.5,180.0004141330719
0.5101004974114303,0.5891525423728814,0.3247384155455904,0.4186942905324018,0.06019066233490019,0.0005611268570646644,0.023688116368015932,0.017983999103307724,-0.07539653778076172,0.5211653639224444,0.45213955697073543,1.0759945,4470.1704,-87.14277,A2,mha,1,123,"[""price"", ""news"", ""macro""]",30474,9112,9851,23395,0.00642780203216884,83,1,0.005,64,30,1.0,64,0.0001,0.5,631.4820227622986
0.4820122256739152,0.4866542520173805,0.15294576667967225,0.2327445450497254,-0.023723936286141393,0.0005596698028966784,0.023657341416496454,0.018262162804603577,-0.003921627998352051,0.5024551558272372,0.06905162642832889,1.0113233,-82.16778,-91.041916,A2,mha,2,123,"[""price"", ""news"", ""macro""]",38468,10972,9979,23395,0.0562913283633312,52,1,0.005,64,30,1.0,64,0.0001,0.5,6705.074952125549
0.5022013207924755,0.5218150087260035,0.4622222222222222,0.4902141612870171,0.007376636855061701,0.0006073906552046537,0.024645296817134375,0.01897282712161541,-0.15260910987854004,0.48959375625375223,-0.37188473748557394,0.9422584,-99.966965,-99.98979,A2,mha,3,123,"[""price"", ""news"", ""macro""]",46657,12721,9994,23395,0.00906779981464437,32,1,0.005,64,30,1.0,64,0.0001,0.5,389.33429408073425
0.4964554718653079,0.5211505922165821,0.6422018348623854,0.5753782925462357,-0.027824983849492765,0.0004430475237313658,0.021048694109881635,0.01597529649734497,-0.21964526176452637,0.49778466991581743,-0.4210044683581475,0.934699,-95.54747,-97.88253,A2,mha,4,123,"[""price"", ""news"", ""macro""]",54070,15339,4514,23395,-0.006335574551355922,32,1,0.005,64,30,1.0,64,0.0001,0.5,441.40320205688477
0.5177227722772277,0.5342615342615342,0.7284571003163968,0.6164264902748248,0.007430014836236635,0.0012441918952390552,0.03527310441737522,0.02348104678094387,-0.04637587070465088,0.527029702970297,-0.03647242339342629,0.9932848,-99.90453,-99.9802,A2,mha,0,456,"[""price"", ""news"", ""macro""]",23116,6372,10100,23395,0.03191154529087659,74,1,0.005,64,30,1.0,64,0.0001,0.5,424.58109998703003
0.4747741346056238,0.6488294314381271,0.07249626307922272,0.1304201680672269,0.05386012497721935,0.0005267511587589979,0.02295106007919891,0.017823461443185806,-0.009515762329101562,0.49446756674449294,-0.22775072240973562,0.9637784,-99.71308,-99.842926,A2,mha,1,456,"[""price"", ""news"", ""macro""]",30474,9112,9851,23395,0.014243471937148708,61,1,0.005,64,30,1.0,64,0.0001,0.5,462.68058800697327
0.49012927147008717,0.5130494505494505,0.14572766289504488,0.22698268003646307,-0.0005203760994543948,0.0005586087936535478,0.02363490625438459,0.018253665417432785,-0.0020183324813842773,0.5058623108527909,-0.342444637870514,0.9456892,-99.96347,-99.983635,A2,mha,2,456,"[""price"", ""news"", ""macro""]",38468,10972,9979,23395,0.07393650223803326,52,1,0.005,64,30,1.0,64,0.0001,0.5,493.5981297492981
0.4920952571542926,0.51552210724365,0.31768115942028985,0.3931133428981349,-0.003135341422700574,0.0006913470569998026,0.026293479362758415,0.020320966839790344,-0.3119281530380249,0.48128877326395836,-0.5068706050407807,0.92213327,-99.99533,-99.99662,A2,mha,3,456,"[""price"", ""news"", ""macro""]",46657,12721,9994,23395,0.012579371429874824,31,1,0.005,64,30,1.0,64,0.0001,0.5,380.9819130897522
0.48781568453699603,0.5252051582649473,0.37364470391993326,0.43664717348927873,-0.009420178456612723,0.0003650889848358929,0.019107301872213486,0.014903169125318527,-0.005036711692810059,0.5301284891448826,0.5732253260894951,1.0963099,881.39703,-47.282608,A2,mha,4,456,"[""price"", ""news"", ""macro""]",54070,15339,4514,23395,0.03265779372499057,51,1,0.005,64,30,1.0,64,0.0001,0.5,729.2282249927521
0.5246534653465347,0.5518867924528302,0.5661641541038526,0.5589343132751493,0.04372804090693175,0.0011896213982254267,0.03449088862620717,0.023458100855350494,-0.00048160552978515625,0.5253465346534654,0.016383879071038027,1.0030313,-99.68816,-99.97184,A3,concat,0,42,"[""price"", ""news""]",23116,6372,10100,14243,0.025569508747518434,42,1,0.005,64,30,1.0,64,0.0001,0.5,203.461079120636
0.5381179575677596,0.5464658169177289,0.8811659192825112,0.6745816049206123,0.01692270268395886,0.0005329310661181808,0.023085299784022316,0.0178983137011528,-0.02135944366455078,0.48766622677900723,-0.35474356839814225,0.9441535,-99.95214,-99.970924,A3,concat,1,42,"[""price"", ""news""]",30474,9112,9851,14243,0.037051639847629894,34,1,0.005,64,30,1.0,64,0.0001,0.5,218.27796697616577
0.508267361459064,0.5155341183146546,0.7089348419820523,0.5969609856262834,0.00575782462709252,0.0005638300790451467,0.023745106423116884,0.018222525715827942,-0.011384129524230957,0.512175568694258,-0.1839763246175579,0.97044575,-99.6225,-99.888084,A3,concat,2,42,"[""price"", ""news""]",38468,10972,9979,14243,0.03005885555410152,64,1,0.005,64,30,1.0,64,0.0001,0.5,729.0509560108185
0.5069041424854913,0.5155718068339428,0.7901449275362319,0.6239890126659545,-0.008785182762226333,0.0005276169977150857,0.02296991505676688,0.018053390085697174,-0.001227259635925293,0.5184110466279768,0.6050876538060219,1.1016127,44518.773,-67.96509,A3,concat,3,42,"[""price"", ""news""]",46657,12721,9994,14243,0.007881938141219208,36,1,0.005,64,30,1.0,64,0.0001,0.5,46786.12685585022
0.49889233495790875,0.5287162162162162,0.5221017514595496,0.5253881661770877,-0.005304506360235976,0.0003644924727268517,0.0190916859582084,0.01493226457387209,-0.003394603729248047,0.5294638901196278,0.5580917745438461,1.0936514,805.57745,-46.1477,A3,concat,4,42,"[""price"", ""news""]",54070,15339,4514,14243,0.01509506352307526,90,1,0.005,64,30,1.0,64,0.0001,0.5,12603.390152931213
0.4779207920792079,0.537147102526003,0.13456169737576773,0.21521059681500224,0.0040604096029505,0.0013341607991605997,0.03652616595210343,0.0248993169516325,-0.12204039096832275,0.5017821782178218,-0.4556975436093604,0.9192472,-99.999985,-99.99999,A3,concat,0,123,"[""price"", ""news""]",23116,6372,10100,14243,0.0210635894403615,31,1,0.005,64,30,1.0,64,0.0001,0.5,147.6852788925171
0.5386255202517511,0.5639157294471725,0.6651718983557549,0.6103729104157737,0.055297466332533594,0.000521818466950208,0.0228433462292679,0.0177057646214962,-6.222724914550781e-05,0.5431935844076744,1.4027812208648773,1.2552427,3.2976973e+09,-41.15841,A3,concat,1,123,"[""price"", ""news""]",30474,9112,9851,14243,0.046788700603972125,41,1,0.005,64,30,1.0,64,0.0001,0.5,254.71376299858093
0.4932357951698567,0.5072100313479624,0.47346859149434256,0.4897588537988094,-0.012422218964607986,0.0005627745995298028,0.023722870811303653,0.018223147839307785,-0.009490966796875,0.5127768313458262,-0.13656744628303938,0.977977,-99.23715,-99.77937,A3,concat,2,123,"[""price"", ""news""]",38468,10972,9979,14243,0.05314363109284702,77,1,0.005,64,30,1.0,64,0.0001,0.5,614.7628901004791
0.49159495697418454,0.5158891142663962,0.29487922705314007,0.3752612812000492,-0.00249343797236639,0.000528300937730819,0.02298479797019802,0.018037991598248482,-0.0025252103805541992,0.5145087052231339,0.586234907750446,1.0982958,34134.758,-64.39314,A3,concat,3,123,"[""price"", ""news""]",46657,12721,9994,14243,-0.010809921402736844,34,1,0.005,64,30,1.0,64,0.0001,0.5,327.6505422592163
0.47385910500664596,0.5148771021992238,0.16597164303586323,0.2510249132765689,-0.014901608836863119,0.00041188590694218874,0.020294972454827052,0.015203402377665043,-0.13386178016662598,0.5332299512627382,0.722810027078717,1.1229376,2100.8303,-49.30808,A3,concat,4,123,"[""price"", ""news""]",54070,15339,4514,14243,-0.008301181470085519,31,1,0.005,64,30,1.0,64,0.0001,0.5,347.7688989639282
0.5210891089108911,0.5483754512635379,0.5654196910478317,0.5567671584348942,0.03621685569020946,0.0011903983540832996,0.03450214999218599,0.023451441898941994,-0.0011349916458129883,0.5288118811881188,-0.07258258738933647,0.98668057,-99.95676,-99.9955,A3,concat,0,456,"[""price"", ""news""]",23116,6372,10100,14243,0.02197340009268469,58,1,0.005,64,30,1.0,64,0.0001,0.5,274.8822636604309
0.5402497208405238,0.5470124528733006,0.8946188340807175,0.678908188585608,0.021070542144248368,0.0005290648550726473,0.023001409849673287,0.017820052802562714,-0.013949871063232422,0.49406151659729974,-0.04124541235040696,0.99334097,-95.85587,-97.91256,A3,concat,1,456,"[""price"", ""news""]",30474,9112,9851,14243,0.04369194355326894,33,1,0.005,64,30,1.0,64,0.0001,0.5,209.34677815437317
0.5034572602465177,0.5108903324417272,0.7824814670308232,0.6181706095399553,-0.01071576592351098,0.0005592448869720101,0.023648359075673944,0.018218383193016052,-0.0031594038009643555,0.514480408858603,-0.14128642823764784,0.97722465,-99.28975,-99.70274,A3,concat,2,456,"[""price"", ""news""]",38468,10972,9979,14243,0.03794153416955911,43,1,0.005,64,30,1.0,64,0.0001,0.5,342.01171016693115
0.5001000600360216,0.5139996871578288,0.634975845410628,0.568118948824343,-0.01016214436292508,0.0005624484620057046,0.02371599591005414,0.018352694809436798,-0.06732487678527832,0.4914948969381629,-0.31205970400754723,0.95131737,-99.92214,-99.9455,A3,concat,3,456,"[""price"", ""news""]",46657,12721,9994,14243,0.013654980833117608,31,1,0.005,64,30,1.0,64,0.0001,0.5,314.5869970321655
0.4966770048737262,0.5257985257985258,0.5354462051709759,0.5305785123966942,-0.011829506090712403,0.0003648505371529609,0.019101061152537072,0.014940913766622543,-0.004380345344543457,0.5194949047408064,0.3595456824015706,1.0593675,209.50601,-60.219,A3,concat,4,456,"[""price"", ""news""]",54070,15339,4514,14243,0.012839658651065407,117,1,0.005,64,30,1.0,64,0.0001,0.5,1328.7970399856567
0.502970297029703,0.5342518921016883,0.5123766983063466,0.5230856925707771,0.004646533953676752,0.002600461710244417,0.050994722376383396,0.03957311809062958,-1.1870100498199463,0.4892079207920792,0.04285164387770728,1.0079478,-99.34111,-99.86879,A3,gated_cross_attention,0,42,"[""price"", ""news""]",23116,6372,10100,31011,0.03793471595844956,31,1,0.005,64,30,1.0,64,0.0001,0.5,180.2295160293579
0.5431935844076744,0.5523856369896705,0.8393124065769806,0.6662711361613765,0.03969307100380885,0.0005222070030868053,0.02285184900805196,0.017687425017356873,-0.0008069276809692383,0.5418739214292965,1.3477059650123984,1.2440805,1.5179392e+09,-53.63732,A3,gated_cross_attention,1,42,"[""price"", ""news""]",30474,9112,9851,31011,0.07058600335286885,44,1,0.005,64,30,1.0,64,0.0001,0.5,326.33668279647827
0.4870227477703177,0.5006548175865295,0.5220444791260241,0.5111259669563557,-0.027985284545717384,0.0013038745382800698,0.036109202958249716,0.0280933640897274,-1.3388574123382568,0.5045595751077262,-0.13037775297283738,0.9789647,-99.156555,-99.72286,A3,gated_cross_attention,2,42,"[""price"", ""news""]",38468,10972,9979,31011,0.046284128720217886,31,1,0.005,64,30,1.0,64,0.0001,0.5,297.2673830986023
0.5125075045027017,0.5181155087887122,0.8372946859903382,0.640124095139607,0.0013813591792274837,0.0005276842857711017,0.022971379709784558,0.018062980845570564,-0.0013550519943237305,0.5185111066639984,0.6931158446980482,1.1172341,158843.75,-67.96508,A3,gated_cross_attention,3,42,"[""price"", ""news""]",46657,12721,9994,31011,0.006457048253865263,41,1,0.005,64,30,1.0,64,0.0001,0.5,465.88530588150024
0.4937970757642889,0.5277096615988229,0.4487072560467056,0.48501239576290284,-0.006414209199328314,0.0003629542770795524,0.01905135892999637,0.014914565719664097,0.0008397698402404785,0.5303500221533008,0.6797476553586028,1.1152061,1650.7944,-43.923996,A3,gated_cross_attention,4,42,"[""price"", ""news""]",54070,15339,4514,31011,0.009720810438319981,115,1,0.005,64,30,1.0,64,0.0001,0.5,1500.0853791236877
0.5108910891089109,0.5449449865061241,0.4885538805136795,0.5152109911678115,0.024810390853599873,0.0011866362765431404,0.034447587383489436,0.02340821549296379,0.002028942108154297,0.5310891089108911,0.6045940360137406,1.118208,137416.38,-96.18763,A3,gated_cross_attention,0,123,"[""price"", ""news""]",23116,6372,10100,31011,0.034787443344910816,89,1,0.005,64,30,1.0,64,0.0001,0.5,508.22206807136536
0.5319256928230637,0.5602536997885835,0.6436846038863976,0.5990783410138248,0.043877146797074724,0.000521792855579406,0.02284278563528113,0.017689645290374756,-1.3232231140136719e-05,0.5432950969444726,1.363975896035282,1.2473676,1.9076344e+09,-41.158398,A3,gated_cross_attention,1,123,"[""price"", ""news""]",30474,9112,9851,31011,0.0508183572411857,51,1,0.005,64,30,1.0,64,0.0001,0.5,391.1231129169464
0.4965427397534823,0.5088726513569938,0.5706203667577058,0.5379805039543866,-0.011207787638478302,0.0005600812728516757,0.02366603627250824,0.018224788829684258,-0.004659771919250488,0.5122757791361859,-0.1377825816599829,0.97778314,-99.250694,-99.70308,A3,gated_cross_attention,2,123,"[""price"", ""news""]",38468,10972,9979,31011,0.04767658847824201,55,1,0.005,64,30,1.0,64,0.0001,0.5,525.7168478965759
0.5058034820892535,0.517434988179669,0.6767149758454106,0.5864523151636942,-0.0010890375385261741,0.0008122948347590864,0.02850078656386673,0.022120002657175064,-0.5414434671401978,0.5042025215129078,0.10803489494271819,1.0174278,-66.0646,-91.65288,A3,gated_cross_attention,3,123,"[""price"", ""news""]",46657,12721,9994,31011,0.0023621705527133723,31,1,0.005,64,30,1.0,64,0.0001,0.5,359.9011158943176
0.48227735932653965,0.5154274152756702,0.4249374478732277,0.4658285714285714,-0.027965298650758422,0.0003643236996140331,0.019087265378100477,0.014915215782821178,-0.0029300451278686523,0.5314576871953921,0.6134427869274629,1.1034061,1120.1624,-44.103973,A3,gated_cross_attention,4,123,"[""price"", ""news""]",54070,15339,4514,31011,0.0036362419669956673,50,1,0.005,64,30,1.0,64,0.0001,0.5,667.6492929458618
0.5087128712871287,0.5424850113706843,0.4883677647496743,0.5140058765915769,0.020182727256418086,0.0011900244280695915,0.034496730686683796,0.02342735044658184,-0.0008205175399780273,0.528019801980198,0.24029437724896185,1.0453941,-53.760605,-98.320274,A3,gated_cross_attention,0,456,"[""price"", ""news""]",23116,6372,10100,31011,0.0169204881974771,76,1,0.005,64,30,1.0,64,0.0001,0.5,432.50856494903564
0.5262409907623592,0.5619013193565877,0.5809043348281017,0.5712448323380799,0.04228258146307097,0.0005225653294473886,0.022859687868546863,0.01770234853029251,-0.0014935731887817383,0.5414678712821034,1.3125005550608826,1.2369981,9.239577e+08,-41.26191,A3,gated_cross_attention,1,456,"[""price"", ""news""]",30474,9112,9851,31011,0.06001962373303649,41,1,0.005,64,30,1.0,64,0.0001,0.5,311.26612877845764
0.4928349534021445,0.5068234306109595,0.47093250097541944,0.4882192334917585,-0.013106604830824707,0.0005581817822530866,0.02362587103691812,0.0181996151804924,-0.0012524127960205078,0.5091692554364164,0.04642266656186791,1.0075985,-88.437096,-98.03867,A3,gated_cross_attention,2,456,"[""price"", ""news""]",38468,10972,9979,31011,0.047443804441347756,39,1,0.005,64,30,1.0,64,0.0001,0.5,374.65344309806824
0.5033019811887133,0.5188224799286352,0.5619323671497585,0.5395176252319109,0.0022882454907707005,0.0005271011614240706,0.022958683791194794,0.018060967326164246,-0.0002484321594238281,0.5172103261957174,0.630333598889745,1.1060704,64555.67,-67.965065,A3,gated_cross_attention,3,456,"[""price"", ""news""]",46657,12721,9994,31011,-0.0016779353499300235,43,1,0.005,64,30,1.0,64,0.0001,0.5,498.1539227962494
0.4811696942844484,0.5121845082680592,0.4908256880733945,0.5012776831345827,-0.03887780787352329,0.0003641999210231006,0.01908402266355552,0.014906082302331924,-0.0025893449783325195,0.5292423571112096,0.6582949444967915,1.1113744,1459.5104,-44.27585,A3,gated_cross_attention,4,456,"[""price"", ""news""]",54070,15339,4514,31011,0.004811606780358774,65,1,0.005,64,30,1.0,64,0.0001,0.5,862.2440829277039
0.5184158415841584,0.5576705189213687,0.4580308952168249,0.5029634171265073,0.045353941033402186,0.0011893133632838726,0.03448642288327208,0.023485802114009857,-0.0002225637435913086,0.5310891089108911,0.12284358394617552,1.0229539,-96.8191,-99.7335,A3,mha,0,42,"[""price"", ""news""]",23116,6372,10100,22755,0.022315888492057755,54,1,0.005,64,30,1.0,64,0.0001,0.5,295.5881600379944
0.5274591412039387,0.5589379333671571,0.617526158445441,0.5867731913004882,0.038480956419493055,0.0005230640526860952,0.022870593623386674,0.017746668308973312,-0.0024493932723999023,0.5411633336717084,1.394949924619443,1.2536494,2.9782075e+09,-41.71813,A3,mha,1,42,"[""price"", ""news""]",30474,9112,9851,22755,0.05470515300956953,40,1,0.005,64,30,1.0,64,0.0001,0.5,291.01129388809204
0.4891271670508067,0.5043695380774033,0.31525555989075305,0.3879951980792317,-0.012808431376429327,0.00057827471755445,0.024047343253558177,0.018322190269827843,-0.037294626235961914,0.508267361459064,0.4547060797185623,1.0769672,4889.3706,-83.085945,A3,mha,2,42,"[""price"", ""news""]",38468,10972,9979,22755,0.04678507827373346,32,1,0.005,64,30,1.0,64,0.0001,0.5,295.53700590133667
0.5072043225935561,0.5202396373056994,0.6208695652173913,0.566117522685226,0.0061824430039071525,0.0005276696756482124,0.022971061700500752,0.01806892268359661,-0.0013272762298583984,0.5154092455473284,0.5838585996460685,1.0978785,32950.77,-69.65892,A3,mha,3,42,"[""price"", ""news""]",46657,12721,9994,22755,0.004757853660348862,42,1,0.005,64,30,1.0,64,0.0001,0.5,461.30976605415344
0.4893664155959238,0.5269878119558908,0.3786488740617181,0.44066974035428297,-0.006689002354671907,0.0003639254136942327,0.01907682923586183,0.014966106973588467,-0.0018336772918701172,0.5256978289765175,0.4654394429017605,1.0775166,448.72235,-47.019657,A3,mha,4,42,"[""price"", ""news""]",54070,15339,4514,22755,0.011875135293252534,65,1,0.005,64,30,1.0,64,0.0001,0.5,824.9617669582367
0.5134653465346535,0.535966149506347,0.6365159128978225,0.5819295558958653,0.010463655772286282,0.002221227390691638,0.04712989911607745,0.03437116742134094,-0.8680708408355713,0.500990099009901,-0.11137791064841321,0.97963417,-99.98076,-99.98885,A3,mha,0,123,"[""price"", ""news""]",23116,6372,10100,22755,0.03378392114249936,31,1,0.005,64,30,1.0,64,0.0001,0.5,165.36890983581543
0.5378134199573648,0.5565303523418706,0.7348654708520179,0.6333843304613898,0.04233304677882045,0.00052675447659567,0.022951132359769744,0.017853161320090294,-0.009522080421447754,0.457618515886712,-1.3676128307693538,0.80121565,-100.0,-100.0,A3,mha,1,123,"[""price"", ""news""]",30474,9112,9851,22755,0.04582277175478617,52,1,0.005,64,30,1.0,64,0.0001,0.5,368.854385137558
0.495941477101914,0.5075685903500473,0.6279750292625829,0.5613882106731776,-0.016143022359173594,0.000560336746275425,0.023671433126775932,0.01822679676115513,-0.005118012428283691,0.5104719911814811,-0.18793551246707113,0.96981937,-99.6434,-99.91061,A3,mha,2,123,"[""price"", ""news""]",38468,10972,9979,22755,0.04990794651936072,52,1,0.005,64,30,1.0,64,0.0001,0.5,487.6063301563263
0.5020012007204323,0.5139201349831272,0.706280193236715,0.5949377390738179,-0.01223110659813202,0.0008421883103437722,0.029020480877197264,0.022302022203803062,-0.5981705188751221,0.5153091855113068,0.37550662181493333,1.0618949,1511.7568,-90.41959,A3,mha,3,123,"[""price"", ""news""]",46657,12721,9994,22755,0.003985367264363896,31,1,0.005,64,30,1.0,64,0.0001,0.5,358.1729259490967
0.49689853788214444,0.5278386672512057,0.5020850708924104,0.5146398803163069,-0.006881057868653107,0.00036520196590572596,0.019110258132890984,0.014950077049434185,-0.005347728729248047,0.5290208241027913,0.5319752714728014,1.089079,685.01306,-47.525337,A3,mha,4,123,"[""price"", ""news""]",54070,15339,4514,22755,0.003140490060680894,80,1,0.005,64,30,1.0,64,0.0001,0.5,1072.0529952049255
0.4978217821782178,0.5332449745968633,0.4492834543085799,0.48767676767676765,0.0022845185676621427,0.001197467790916562,0.03460444755976552,0.02357306517660618,-0.007080554962158203,0.5044554455445545,-0.2978547535620896,0.9464571,-99.99965,-99.99987,A3,mha,0,456,"[""price"", ""news""]",23116,6372,10100,22755,0.016339015754353002,81,1,0.005,64,30,1.0,64,0.0001,0.5,464.1779501438141
0.5368998071261801,0.553020134228188,0.7698056801195815,0.6436494297765974,0.03439042963562212,0.0005231272662058473,0.022871975564123168,0.01776374876499176,-0.002570509910583496,0.542381484113288,1.3333338634120488,1.2411844,1.2394545e+09,-45.68589,A3,mha,1,456,"[""price"", ""news""]",30474,9112,9851,22755,0.0440701865113611,52,1,0.005,64,30,1.0,64,0.0001,0.5,390.6317219734192
0.4947389517987774,0.5076866764275256,0.5411626999609832,0.523890462700661,-0.013188469297359909,0.0005649042432196438,0.023767714303644005,0.018267935141921043,-0.013311028480529785,0.5149814610682433,0.01690740362897046,1.0027608,-92.42288,-97.96501,A3,mha,2,456,"[""price"", ""news""]",38468,10972,9979,22755,0.04592923698447233,92,1,0.005,64,30,1.0,64,0.0001,0.5,875.064945936203
0.5066039623774264,0.5197538860103627,0.6202898550724638,0.5655889348956039,0.0049460533736784724,0.0005276327137835324,0.022970257155363594,0.01804168149828911,-0.001257181167602539,0.5163097858715229,0.595963205498312,1.1000061,39267.105,-67.96508,A3,mha,3,456,"[""price"", ""news""]",46657,12721,9994,22755,0.007744347464171134,52,1,0.005,64,30,1.0,64,0.0001,0.5,608.2454991340637
0.48715108551174124,0.5250150693188668,0.3632193494578816,0.4293813162435297,-0.009503102125036193,0.0003648326965048909,0.019100594140101793,0.01498500443994999,-0.004331231117248535,0.5281346920691183,0.4669745546138646,1.0777818,453.1582,-69.2454,A3,mha,4,456,"[""price"", ""news""]",54070,15339,4514,22755,0.014342296229435001,95,1,0.005,64,30,1.0,64,0.0001,0.5,1290.1652779579163
