vol_rmse,vol_mae,vol_r2,best_val_rmse,config_id,fusion_type,fold_idx,seed,modalities,n_train,n_val,n_test,n_params,epochs_trained,lookback,deadzone,batch_size,patience,grad_clip,hidden_dim,learning_rate,alpha,target_type,sequence_modalities,elapsed_s
0.023261688620358,0.0125096831470727,0.0176120996475219,0.0123775610700249,A1,concat,0,42,"[""price"", ""news"", ""macro"", ""social""]",38830,9515,13915,22273,96,1,0.005,64,30,1.0,64,0.0001,0.5,volatility,"[""price""]",719.6165556907654
0.0153310201016864,0.0121772391721606,-0.1935635805130005,0.0235068090260028,A1,concat,1,42,"[""price"", ""news"", ""macro"", ""social""]",49830,12430,13860,22273,34,1,0.005,64,30,1.0,64,0.0001,0.5,volatility,"[""price""]",312.7562098503113
0.0144687132565542,0.0101217869669198,0.0159381031990051,0.0145601723343133,A1,concat,2,42,"[""price"", ""news"", ""macro"", ""social""]",60830,15290,13860,22273,35,1,0.005,64,30,1.0,64,0.0001,0.5,volatility,"[""price""]",406.70704317092896
0.0143196164694698,0.0089765088632702,-0.0539304018020629,0.0133896833285689,A1,concat,3,42,"[""price"", ""news"", ""macro"", ""social""]",71885,18040,13805,22273,150,1,0.005,64,30,1.0,64,0.0001,0.5,volatility,"[""price""]",2389.3038630485535
0.011448478493769,0.0081072691828012,-0.0241012573242187,0.0150583637878298,A1,concat,4,42,"[""price"", ""news"", ""macro"", ""social""]",83105,20680,6875,22273,34,1,0.005,64,30,1.0,64,0.0001,0.5,volatility,"[""price""]",577.5839598178864
0.0229440300229614,0.012488623149693,0.0442596673965454,0.0123488847166299,A1,concat,0,123,"[""price"", ""news"", ""macro"", ""social""]",38830,9515,13915,22273,104,1,0.005,64,30,1.0,64,0.0001,0.5,volatility,"[""price""]",865.6158649921417
0.0142445725088539,0.0088431732729077,-0.0303915739059448,0.0238265264779329,A1,concat,1,123,"[""price"", ""news"", ""macro"", ""social""]",49830,12430,13860,22273,54,1,0.005,64,30,1.0,64,0.0001,0.5,volatility,"[""price""]",555.1344358921051
0.0139605604994006,0.009235305711627,0.0838463902473449,0.0144187929108738,A1,concat,2,123,"[""price"", ""news"", ""macro"", ""social""]",60830,15290,13860,22273,141,1,0.005,64,30,1.0,64,0.0001,0.5,volatility,"[""price""]",1837.3989720344543
0.0142454576770663,0.0089591816067695,-0.0430424213409423,0.0133707812055945,A1,concat,3,123,"[""price"", ""news"", ""macro"", ""social""]",71885,18040,13805,22273,103,1,0.005,64,30,1.0,64,0.0001,0.5,volatility,"[""price""]",1633.4756379127502
0.0114104667043943,0.0079835094511508,-0.0173120498657226,0.0150878392159938,A1,concat,4,123,"[""price"", ""news"", ""macro"", ""social""]",83105,20680,6875,22273,76,1,0.005,64,30,1.0,64,0.0001,0.5,volatility,"[""price""]",1404.121195793152
0.0233318061635738,0.0124820377677679,0.0116807222366333,0.0124982874840497,A1,concat,0,456,"[""price"", ""news"", ""macro"", ""social""]",38830,9515,13915,22273,73,1,0.005,64,30,1.0,64,0.0001,0.5,volatility,"[""price""]",617.1493949890137
0.013905970185189,0.0094324126839637,0.0180122852325439,0.0230357516556978,A1,concat,1,456,"[""price"", ""news"", ""macro"", ""social""]",49830,12430,13860,22273,150,1,0.005,64,30,1.0,64,0.0001,0.5,volatility,"[""price""]",1661.8164701461792
0.0145213169447078,0.0098897935822606,0.0087696313858032,0.014656001701951,A1,concat,2,456,"[""price"", ""news"", ""macro"", ""social""]",60830,15290,13860,22273,31,1,0.005,64,30,1.0,64,0.0001,0.5,volatility,"[""price""]",418.9537389278412
0.0142527437957567,0.0089621450752019,-0.0441097021102905,0.0134101519361138,A1,concat,3,456,"[""price"", ""news"", ""macro"", ""social""]",71885,18040,13805,22273,101,1,0.005,64,30,1.0,64,0.0001,0.5,volatility,"[""price""]",1619.0764391422272
0.0116019632199228,0.0078918989747762,-0.0517446994781494,0.0151641806587576,A1,concat,4,456,"[""price"", ""news"", ""macro"", ""social""]",83105,20680,6875,22273,31,1,0.005,64,30,1.0,64,0.0001,0.5,volatility,"[""price""]",571.4599752426147
0.0232883703281072,0.012438453733921,0.0153571963310241,0.0126142147928476,A2,concat,0,42,"[""price"", ""news"", ""macro""]",38830,9515,13915,16833,94,1,0.005,64,30,1.0,64,0.0001,0.5,volatility,"[""price""]",695.8337979316711
0.0145271039623655,0.0088722854852676,-0.0716712474822998,0.0240195803344249,A2,concat,1,42,"[""price"", ""news"", ""macro""]",49830,12430,13860,16833,47,1,0.005,64,30,1.0,64,0.0001,0.5,volatility,"[""price""]",454.78933906555176
0.0142045168883133,0.009273893199861,0.0515476465225219,0.014554145745933,A2,concat,2,42,"[""price"", ""news"", ""macro""]",60830,15290,13860,16833,104,1,0.005,64,30,1.0,64,0.0001,0.5,volatility,"[""price""]",1214.9591970443726
0.0143412177678921,0.0089754611253738,-0.0571124553680419,0.0135916508734226,A2,concat,3,42,"[""price"", ""news"", ""macro""]",71885,18040,13805,16833,65,1,0.005,64,30,1.0,64,0.0001,0.5,volatility,"[""price""]",894.9862620830536
0.0114391258909622,0.0075364080257713,-0.0224287509918212,0.0152764078229665,A2,concat,4,42,"[""price"", ""news"", ""macro""]",83105,20680,6875,16833,31,1,0.005,64,30,1.0,64,0.0001,0.5,volatility,"[""price""]",481.3964149951935
0.0233998604872745,0.012476060539484,0.0059068799018859,0.0126155484467744,A2,concat,0,123,"[""price"", ""news"", ""macro""]",38830,9515,13915,16833,64,1,0.005,64,30,1.0,64,0.0001,0.5,volatility,"[""price""]",512.0563802719116
0.0141323459824622,0.0089442580938339,-0.0142195224761962,0.0237227622419595,A2,concat,1,123,"[""price"", ""news"", ""macro""]",49830,12430,13860,16833,133,1,0.005,64,30,1.0,64,0.0001,0.5,volatility,"[""price""]",1390.8544480800629
0.0142910550007011,0.009172162041068,0.0399558544158935,0.0145868323743343,A2,concat,2,123,"[""price"", ""news"", ""macro""]",60830,15290,13860,16833,141,1,0.005,64,30,1.0,64,0.0001,0.5,volatility,"[""price""]",1635.667913198471
0.0142638417251408,0.0089905709028244,-0.0457363128662109,0.013584709726274,A2,concat,3,123,"[""price"", ""news"", ""macro""]",71885,18040,13805,16833,44,1,0.005,64,30,1.0,64,0.0001,0.5,volatility,"[""price""]",587.4590060710907
0.0115476758723775,0.0081799402832984,-0.0419251918792724,0.0152529571205377,A2,concat,4,123,"[""price"", ""news"", ""macro""]",83105,20680,6875,16833,141,1,0.005,64,30,1.0,64,0.0001,0.5,volatility,"[""price""]",2255.460436105728
0.0234129175770805,0.0125234574079513,0.0047971010208129,0.0126267476007342,A2,concat,0,456,"[""price"", ""news"", ""macro""]",38830,9515,13915,16833,66,1,0.005,64,30,1.0,64,0.0001,0.5,volatility,"[""price""]",476.94827485084534
0.0139766192265482,0.0092076621949672,0.0080090165138244,0.0228422302752733,A2,concat,1,456,"[""price"", ""news"", ""macro""]",49830,12430,13860,16833,150,1,0.005,64,30,1.0,64,0.0001,0.5,volatility,"[""price""]",1403.0213687419891
0.0142423718638854,0.0092047424986958,0.0464856624603271,0.0146154705435037,A2,concat,2,456,"[""price"", ""news"", ""macro""]",60830,15290,13860,16833,101,1,0.005,64,30,1.0,64,0.0001,0.5,volatility,"[""price""]",1128.508563995361
0.0141928399391408,0.0089651644229888,-0.0353513956069946,0.013559435494244,A2,concat,3,456,"[""price"", ""news"", ""macro""]",71885,18040,13805,16833,81,1,0.005,64,30,1.0,64,0.0001,0.5,volatility,"[""price""]",1076.097154855728
0.0117565893916469,0.0086233895272016,-0.0799659490585327,0.0152751868590712,A2,concat,4,456,"[""price"", ""news"", ""macro""]",83105,20680,6875,16833,67,1,0.005,64,30,1.0,64,0.0001,0.5,volatility,"[""price""]",1025.458207845688
0.0236843871952345,0.0125306472182273,-0.018415093421936,0.0127754090353846,A3,concat,0,42,"[""price"", ""news""]",38830,9515,13915,12097,82,1,0.005,64,30,1.0,64,0.0001,0.5,volatility,"[""price""]",540.9950530529022
0.0143323552485441,0.008837473578751,-0.0431303977966308,0.0240695662796497,A3,concat,1,42,"[""price"", ""news""]",49830,12430,13860,12097,108,1,0.005,64,30,1.0,64,0.0001,0.5,volatility,"[""price""]",897.2919008731842
0.0146009529892521,0.0094066141173243,-0.0021321773529052,0.014923389069736,A3,concat,2,42,"[""price"", ""news""]",60830,15290,13860,12097,75,1,0.005,64,30,1.0,64,0.0001,0.5,volatility,"[""price""]",757.0629448890686
0.0140938490964705,0.0090996036306023,-0.0209591388702392,0.0136775597929954,A3,concat,3,42,"[""price"", ""news""]",71885,18040,13805,12097,51,1,0.005,64,30,1.0,64,0.0001,0.5,volatility,"[""price""]",608.391832113266
0.0112646879919719,0.0075446246191859,0.0085160732269287,0.0152952540665864,A3,concat,4,42,"[""price"", ""news""]",83105,20680,6875,12097,71,1,0.005,64,30,1.0,64,0.0001,0.5,volatility,"[""price""]",983.1068077087402
0.0235625670310984,0.0125053590163588,-0.0079656839370727,0.0127030815929174,A3,concat,0,123,"[""price"", ""news""]",38830,9515,13915,12097,101,1,0.005,64,30,1.0,64,0.0001,0.5,volatility,"[""price""]",657.9136731624603
0.0143696987734096,0.0106249786913394,-0.0485732555389404,0.0242516789585351,A3,concat,1,123,"[""price"", ""news""]",49830,12430,13860,12097,32,1,0.005,64,30,1.0,64,0.0001,0.5,volatility,"[""price""]",265.6888258457184
0.0143962570964824,0.0096602970734238,0.0257693529129028,0.014664139598608,A3,concat,2,123,"[""price"", ""news""]",60830,15290,13860,12097,33,1,0.005,64,30,1.0,64,0.0001,0.5,volatility,"[""price""]",334.75763416290283
0.0140750698446473,0.0091558154672384,-0.018240213394165,0.0134771820157766,A3,concat,3,123,"[""price"", ""news""]",71885,18040,13805,12097,38,1,0.005,64,30,1.0,64,0.0001,0.5,volatility,"[""price""]",456.9215848445892
0.0117208310107408,0.0086789783090353,-0.0734063386917114,0.015044430270791,A3,concat,4,123,"[""price"", ""news""]",83105,20680,6875,12097,32,1,0.005,64,30,1.0,64,0.0001,0.5,volatility,"[""price""]",442.5523991584778
0.0235919137423305,0.0128802889958024,-0.0104780197143554,0.0128258941695094,A3,concat,0,456,"[""price"", ""news""]",38830,9515,13915,12097,36,1,0.005,64,30,1.0,64,0.0001,0.5,volatility,"[""price""]",232.04179501533508
0.015096881187748,0.0116237765178084,-0.1573852300643921,0.0232077166438102,A3,concat,1,456,"[""price"", ""news""]",49830,12430,13860,12097,32,1,0.005,64,30,1.0,64,0.0001,0.5,volatility,"[""price""]",267.6321280002594
0.0144940169330354,0.0103878015652298,0.0124931335449218,0.0146270096302032,A3,concat,2,456,"[""price"", ""news""]",60830,15290,13860,12097,33,1,0.005,64,30,1.0,64,0.0001,0.5,volatility,"[""price""]",335.89904379844666
0.0140642828730068,0.0091436868533492,-0.0166801214218139,0.013527737930417,A3,concat,3,456,"[""price"", ""news""]",71885,18040,13805,12097,37,1,0.005,64,30,1.0,64,0.0001,0.5,volatility,"[""price""]",447.2162239551544
0.0114962001845675,0.0082690501585602,-0.0326567888259887,0.0150416232645511,A3,concat,4,456,"[""price"", ""news""]",83105,20680,6875,12097,33,1,0.005,64,30,1.0,64,0.0001,0.5,volatility,"[""price""]",461.6191680431366
0.0232445853863671,0.0123917022719979,0.0190562009811401,0.0126181356608867,A4,concat,0,42,"[""price"", ""macro""]",38830,9515,13915,11841,63,1,0.005,64,30,1.0,64,0.0001,0.5,volatility,"[""price""]",406.7338070869446
0.0144560921207307,0.0088786268606781,-0.061219573020935,0.0241295862942934,A4,concat,1,42,"[""price"", ""macro""]",49830,12430,13860,11841,42,1,0.005,64,30,1.0,64,0.0001,0.5,volatility,"[""price""]",351.2008502483368
0.0143084178925664,0.0091304257512092,0.0376216769218444,0.0146021926775574,A4,concat,2,42,"[""price"", ""macro""]",60830,15290,13860,11841,101,1,0.005,64,30,1.0,64,0.0001,0.5,volatility,"[""price""]",1028.5553767681122
0.0141605734763666,0.0089779114350676,-0.0306490659713745,0.0136083271354436,A4,concat,3,42,"[""price"", ""macro""]",71885,18040,13805,11841,116,1,0.005,64,30,1.0,64,0.0001,0.5,volatility,"[""price""]",1396.7623991966248
0.011558885222747,0.0083385733887553,-0.043949007987976,0.0153346844017505,A4,concat,4,42,"[""price"", ""macro""]",83105,20680,6875,11841,54,1,0.005,64,30,1.0,64,0.0001,0.5,volatility,"[""price""]",752.6210629940033
0.0231933706685088,0.0123813357204198,0.0233740806579589,0.012645348906517,A4,concat,0,123,"[""price"", ""macro""]",38830,9515,13915,11841,68,1,0.005,64,30,1.0,64,0.0001,0.5,volatility,"[""price""]",444.7694120407105
0.0139383515330514,0.0091337095946073,0.0134336352348327,0.0226773805916309,A4,concat,1,123,"[""price"", ""macro""]",49830,12430,13860,11841,150,1,0.005,64,30,1.0,64,0.0001,0.5,volatility,"[""price""]",1250.4281418323517
0.0143129037632612,0.0095259882509708,0.0370181202888488,0.0146008720621466,A4,concat,2,123,"[""price"", ""macro""]",60830,15290,13860,11841,35,1,0.005,64,30,1.0,64,0.0001,0.5,volatility,"[""price""]",358.67450881004333
0.0142496146270363,0.0089710215106606,-0.0436512231826782,0.0135716516524553,A4,concat,3,123,"[""price"", ""macro""]",71885,18040,13805,11841,61,1,0.005,64,30,1.0,64,0.0001,0.5,volatility,"[""price""]",736.8204898834229
0.0123748826333823,0.0096650682389736,-0.1965464353561401,0.01497533172369,A4,concat,4,123,"[""price"", ""macro""]",83105,20680,6875,11841,33,1,0.005,64,30,1.0,64,0.0001,0.5,volatility,"[""price""]",464.62972807884216
0.0231713353543229,0.0123747317120432,0.0252289175987243,0.0126164248213171,A4,concat,0,456,"[""price"", ""macro""]",38830,9515,13915,11841,86,1,0.005,64,30,1.0,64,0.0001,0.5,volatility,"[""price""]",560.979692697525
0.0143308123880013,0.0088511686772108,-0.0429058074951171,0.0233346484601497,A4,concat,1,456,"[""price"", ""macro""]",49830,12430,13860,11841,51,1,0.005,64,30,1.0,64,0.0001,0.5,volatility,"[""price""]",428.2103898525238
0.0145607394387043,0.0091092204675078,0.0033802986145019,0.0147444400936365,A4,concat,2,456,"[""price"", ""macro""]",60830,15290,13860,11841,44,1,0.005,64,30,1.0,64,0.0001,0.5,volatility,"[""price""]",449.86221075057983
0.0143780767694249,0.0089783826842904,-0.0625534057617187,0.0136103574186563,A4,concat,3,456,"[""price"", ""macro""]",71885,18040,13805,11841,63,1,0.005,64,30,1.0,64,0.0001,0.5,volatility,"[""price""]",765.0467977523804
0.0131836500431554,0.0094619300216436,-0.358059287071228,0.0151919145137071,A4,concat,4,456,"[""price"", ""macro""]",83105,20680,6875,11841,31,1,0.005,64,30,1.0,64,0.0001,0.5,volatility,"[""price""]",436.0980560779571
0.0229096235947506,0.0126718198880553,0.047123908996582,0.0123349362984299,A5,concat,0,42,"[""price"", ""macro"", ""social""]",38830,9515,13915,17281,150,1,0.005,64,30,1.0,64,0.0001,0.5,volatility,"[""price""]",1084.5119080543518
0.0142356043336386,0.0088427290320396,-0.0290945768356323,0.0238287728279829,A5,concat,1,42,"[""price"", ""macro"", ""social""]",49830,12430,13860,17281,53,1,0.005,64,30,1.0,64,0.0001,0.5,volatility,"[""price""]",490.6020700931549
0.0140397314475557,0.009071797132492,0.0734258294105529,0.0144271729514002,A5,concat,2,42,"[""price"", ""macro"", ""social""]",60830,15290,13860,17281,105,1,0.005,64,30,1.0,64,0.0001,0.5,volatility,"[""price""]",1183.663803100586
0.0142164739266355,0.0089334193617105,-0.0388023853302001,0.0134087922051548,A5,concat,3,42,"[""price"", ""macro"", ""social""]",71885,18040,13805,17281,102,1,0.005,64,30,1.0,64,0.0001,0.5,volatility,"[""price""]",1356.6739709377289
0.0117260635670985,0.0082534505054354,-0.0743650197982788,0.0151069005951285,A5,concat,4,42,"[""price"", ""macro"", ""social""]",83105,20680,6875,17281,81,1,0.005,64,30,1.0,64,0.0001,0.5,volatility,"[""price""]",1243.0283498764038
0.0230598408688777,0.0126643255352973,0.034587025642395,0.0123507846146821,A5,concat,0,123,"[""price"", ""macro"", ""social""]",38830,9515,13915,17281,107,1,0.005,64,30,1.0,64,0.0001,0.5,volatility,"[""price""]",762.3104708194733
0.0136930353036276,0.0090747140347957,0.0478553771972656,0.022838732227683,A5,concat,1,123,"[""price"", ""macro"", ""social""]",49830,12430,13860,17281,150,1,0.005,64,30,1.0,64,0.0001,0.5,volatility,"[""price""]",1393.5176079273224
0.014537082554759,0.009347409941256,0.0066161155700683,0.0148056289181113,A5,concat,2,123,"[""price"", ""macro"", ""social""]",60830,15290,13860,17281,32,1,0.005,64,30,1.0,64,0.0001,0.5,volatility,"[""price""]",365.19906306266785
0.0142580795140608,0.0089750066399574,-0.0448915958404541,0.0133401351049542,A5,concat,3,123,"[""price"", ""macro"", ""social""]",71885,18040,13805,17281,150,1,0.005,64,30,1.0,64,0.0001,0.5,volatility,"[""price""]",2005.3277690410616
0.0112858049083975,0.0075917318463325,0.0047951936721801,0.0153682017698884,A5,concat,4,123,"[""price"", ""macro"", ""social""]",83105,20680,6875,17281,33,1,0.005,64,30,1.0,64,0.0001,0.5,volatility,"[""price""]",508.7377960681915
0.0230299968663245,0.0128404917195439,0.0370842814445495,0.0123248156160116,A5,concat,0,456,"[""price"", ""macro"", ""social""]",38830,9515,13915,17281,117,1,0.005,64,30,1.0,64,0.0001,0.5,volatility,"[""price""]",846.0494871139526
0.0140519234625121,0.0088737094774842,-0.002709150314331,0.0236078947782516,A5,concat,1,456,"[""price"", ""macro"", ""social""]",49830,12430,13860,17281,63,1,0.005,64,30,1.0,64,0.0001,0.5,volatility,"[""price""]",595.7536659240723
0.0143071892823547,0.0091459490358829,0.0377869606018066,0.0146324494853615,A5,concat,2,456,"[""price"", ""macro"", ""social""]",60830,15290,13860,17281,61,1,0.005,64,30,1.0,64,0.0001,0.5,volatility,"[""price""]",698.0678582191467
0.0141533391261859,0.0089401416480541,-0.0295963287353515,0.0133823994547128,A5,concat,3,456,"[""price"", ""macro"", ""social""]",71885,18040,13805,17281,111,1,0.005,64,30,1.0,64,0.0001,0.5,volatility,"[""price""]",1523.4521868228912
0.0112828311605455,0.0076636783778667,0.0053196549415588,0.0150128081440925,A5,concat,4,456,"[""price"", ""macro"", ""social""]",83105,20680,6875,17281,106,1,0.005,64,30,1.0,64,0.0001,0.5,volatility,"[""price""]",1675.0599718093872
0.0230660621837856,0.012320278212428,0.0340660214424133,0.0124622322618961,A6,concat,0,42,"[""price"", ""social""]",38830,9515,13915,12545,123,1,0.005,64,30,1.0,64,0.0001,0.5,volatility,"[""price""]",853.4014279842377
0.0140312867699443,0.0089021185413002,0.000233769416809,0.0237437319010496,A6,concat,1,42,"[""price"", ""social""]",49830,12430,13860,12545,105,1,0.005,64,30,1.0,64,0.0001,0.5,volatility,"[""price""]",962.2263991832732
0.0143264301440265,0.0093425754457712,0.0351971387863159,0.0145889166742563,A6,concat,2,42,"[""price"", ""social""]",60830,15290,13860,12545,134,1,0.005,64,30,1.0,64,0.0001,0.5,volatility,"[""price""]",1431.3321759700775
0.0140363210107664,0.0090137990191578,-0.0126415491104125,0.0135357035323977,A6,concat,3,42,"[""price"", ""social""]",71885,18040,13805,12545,92,1,0.005,64,30,1.0,64,0.0001,0.5,volatility,"[""price""]",1102.6990377902985
0.0113025971640482,0.0074827931821346,0.0018314719200134,0.0153295453637838,A6,concat,4,42,"[""price"", ""social""]",83105,20680,6875,12545,34,1,0.005,64,30,1.0,64,0.0001,0.5,volatility,"[""price""]",483.6625452041626
0.0233751986387267,0.0124177578836679,0.0080011487007141,0.0124922133982181,A6,concat,0,123,"[""price"", ""social""]",38830,9515,13915,12545,113,1,0.005,64,30,1.0,64,0.0001,0.5,volatility,"[""price""]",791.8294191360474
0.0147714294390392,0.0113918408751487,-0.1080223321914672,0.0241898410022258,A6,concat,1,123,"[""price"", ""social""]",49830,12430,13860,12545,33,1,0.005,64,30,1.0,64,0.0001,0.5,volatility,"[""price""]",292.01197600364685
0.0143439571739578,0.0097162798047065,0.0328350067138671,0.014607086777687,A6,concat,2,123,"[""price"", ""social""]",60830,15290,13860,12545,35,1,0.005,64,30,1.0,64,0.0001,0.5,volatility,"[""price""]",379.3543939590454
0.0141290995163351,0.0091114845126867,-0.0260727405548095,0.0134498747065663,A6,concat,3,123,"[""price"", ""social""]",71885,18040,13805,12545,39,1,0.005,64,30,1.0,64,0.0001,0.5,volatility,"[""price""]",508.8221549987793
0.0116017035845404,0.0078478185459971,-0.0516976118087768,0.01505883410573,A6,concat,4,123,"[""price"", ""social""]",83105,20680,6875,12545,33,1,0.005,64,30,1.0,64,0.0001,0.5,volatility,"[""price""]",480.7476589679718
0.0229458958675349,0.0122700976207852,0.0441041588783264,0.012441930361092,A6,concat,0,456,"[""price"", ""social""]",38830,9515,13915,12545,146,1,0.005,64,30,1.0,64,0.0001,0.5,volatility,"[""price""]",977.6648712158204
0.0139826243960789,0.0088961506262421,0.0071564316749572,0.0238948967307806,A6,concat,1,456,"[""price"", ""social""]",49830,12430,13860,12545,113,1,0.005,64,30,1.0,64,0.0001,0.5,volatility,"[""price""]",989.8144619464874
0.0145309805556665,0.0101822204887866,0.0074498653411865,0.0146070998162031,A6,concat,2,456,"[""price"", ""social""]",60830,15290,13860,12545,34,1,0.005,64,30,1.0,64,0.0001,0.5,volatility,"[""price""]",364.4112000465393
0.0142046961671381,0.0090525886043906,-0.0370819568634033,0.0135588934645056,A6,concat,3,456,"[""price"", ""social""]",71885,18040,13805,12545,43,1,0.005,64,30,1.0,64,0.0001,0.5,volatility,"[""price""]",552.7164709568024
0.0116198158362938,0.0079403445124626,-0.0549839735031127,0.0150984236970543,A6,concat,4,456,"[""price"", ""social""]",83105,20680,6875,12545,34,1,0.005,64,30,1.0,64,0.0001,0.5,volatility,"[""price""]",507.67415380477905
0.0228784311498258,0.0122193619608879,0.0497169494628906,0.0126351742073893,A7,concat,0,42,"[""price""]",38830,9515,13915,7105,150,1,0.005,64,30,1.0,64,0.0001,0.5,volatility,"[""price""]",858.9969699382782
0.0141887314810502,0.0088391648605465,-0.0223287343978881,0.0237073823809623,A7,concat,1,42,"[""price""]",49830,12430,13860,7105,133,1,0.005,64,30,1.0,64,0.0001,0.5,volatility,"[""price""]",972.6705946922302
0.014653357533875,0.0094445031136274,-0.0093386173248291,0.0148688396438956,A7,concat,2,42,"[""price""]",60830,15290,13860,7105,92,1,0.005,64,30,1.0,64,0.0001,0.5,volatility,"[""price""]",832.7789859771729
0.014268149872629,0.0090855006128549,-0.04636812210083,0.0136451888829469,A7,concat,3,42,"[""price""]",71885,18040,13805,7105,36,1,0.005,64,30,1.0,64,0.0001,0.5,volatility,"[""price""]",371.5414562225342
0.0112635711608284,0.0074827973730862,0.0087125897407531,0.0153636541217565,A7,concat,4,42,"[""price""]",83105,20680,6875,7105,54,1,0.005,64,30,1.0,64,0.0001,0.5,volatility,"[""price""]",634.0267200469971
0.0236656919338231,0.0125311221927404,-0.0168080329895019,0.012774153612554,A7,concat,0,123,"[""price""]",38830,9515,13915,7105,73,1,0.005,64,30,1.0,64,0.0001,0.5,volatility,"[""price""]",410.2883191108704
0.0141449977661329,0.0088306497782468,-0.0160362720489501,0.0239135343581438,A7,concat,1,123,"[""price""]",49830,12430,13860,7105,143,1,0.005,64,30,1.0,64,0.0001,0.5,volatility,"[""price""]",1041.0677270889282
0.0145833835891868,0.0094711231067776,0.0002780556678771,0.0148916095495224,A7,concat,2,123,"[""price""]",60830,15290,13860,7105,52,1,0.005,64,30,1.0,64,0.0001,0.5,volatility,"[""price""]",460.8101329803467
0.0142458039656459,0.0091300113126635,-0.0430930852890014,0.0136074749752879,A7,concat,3,123,"[""price""]",71885,18040,13805,7105,34,1,0.005,64,30,1.0,64,0.0001,0.5,volatility,"[""price""]",355.6405520439148
0.0113819124296147,0.007522502914071,-0.0122268199920654,0.0153435859829187,A7,concat,4,123,"[""price""]",83105,20680,6875,7105,35,1,0.005,64,30,1.0,64,0.0001,0.5,volatility,"[""price""]",420.1403729915619
0.0237419096423494,0.0125574516132473,-0.0233680009841918,0.0128021175041794,A7,concat,0,456,"[""price""]",38830,9515,13915,7105,71,1,0.005,64,30,1.0,64,0.0001,0.5,volatility,"[""price""]",393.7151489257813
0.0143720247125132,0.0088497912511229,-0.048912763595581,0.0238874536007642,A7,concat,1,456,"[""price""]",49830,12430,13860,7105,111,1,0.005,64,30,1.0,64,0.0001,0.5,volatility,"[""price""]",791.1993298530579
0.0145777267225838,0.0094011379405856,0.001053512096405,0.0149096101522445,A7,concat,2,456,"[""price""]",60830,15290,13860,7105,83,1,0.005,64,30,1.0,64,0.0001,0.5,volatility,"[""price""]",722.2542209625244
0.014184783410328,0.0091003673151135,-0.034176230430603,0.0136740151792764,A7,concat,3,456,"[""price""]",71885,18040,13805,7105,44,1,0.005,64,30,1.0,64,0.0001,0.5,volatility,"[""price""]",453.1296048164368
0.0112586665154692,0.0074934163130819,0.0095757246017456,0.0153217138722538,A7,concat,4,456,"[""price""]",83105,20680,6875,7105,43,1,0.005,64,30,1.0,64,0.0001,0.5,volatility,"[""price""]",510.24308609962463
0.0234375049670532,0.0124186147004365,0.0027058720588684,0.012672945857048,A8,concat,0,42,"[""price"", ""graph""]",38830,9515,13915,16449,75,1,0.005,64,30,1.0,64,0.0001,0.5,volatility,"[""price""]",1205.1428308486938
0.0148110915885853,0.0113318283110857,-0.1139805316925048,0.0234278962016105,A8,concat,1,42,"[""price"", ""graph""]",49830,12430,13860,16449,34,1,0.005,64,30,1.0,64,0.0001,0.5,volatility,"[""price""]",706.418389081955
0.0144240826357984,0.0102049307897686,0.0219996571540832,0.0145842637866735,A8,concat,2,42,"[""price"", ""graph""]",60830,15290,13860,16449,35,1,0.005,64,30,1.0,64,0.0001,0.5,volatility,"[""price""]",876.2186088562012
0.0141603129682418,0.0091599682345986,-0.0306111574172973,0.0135678146034479,A8,concat,3,42,"[""price"", ""graph""]",71885,18040,13805,16449,96,1,0.005,64,30,1.0,64,0.0001,0.5,volatility,"[""price""]",2858.8014981746674
0.0115911470566903,0.0084023680537939,-0.0497846603393554,0.0150437718257308,A8,concat,4,42,"[""price"", ""graph""]",83105,20680,6875,16449,34,1,0.005,64,30,1.0,64,0.0001,0.5,volatility,"[""price""]",1189.0892748832705
0.0233220233381531,0.0123154846951365,0.0125094056129455,0.012696691788733,A8,concat,0,123,"[""price"", ""graph""]",38830,9515,13915,16449,68,1,0.005,64,30,1.0,64,0.0001,0.5,volatility,"[""price""]",1102.169152021408
0.0145592442685559,0.0106276916339993,-0.076418399810791,0.024159986525774,A8,concat,1,123,"[""price"", ""graph""]",49830,12430,13860,16449,32,1,0.005,64,30,1.0,64,0.0001,0.5,volatility,"[""price""]",659.3568828105927
0.014335488181128,0.0094633111730217,0.0339767932891845,0.0147676784545183,A8,concat,2,123,"[""price"", ""graph""]",60830,15290,13860,16449,33,1,0.005,64,30,1.0,64,0.0001,0.5,volatility,"[""price""]",838.3246788978577
0.0141844053677408,0.0090824700891971,-0.0341211557388305,0.0135574173182249,A8,concat,3,123,"[""price"", ""graph""]",71885,18040,13805,16449,57,1,0.005,64,30,1.0,64,0.0001,0.5,volatility,"[""price""]",1710.8469257354736
0.0116122962555675,0.0084325764328241,-0.0536189079284668,0.0150243900716304,A8,concat,4,123,"[""price"", ""graph""]",83105,20680,6875,16449,32,1,0.005,64,30,1.0,64,0.0001,0.5,volatility,"[""price""]",1103.38800406456
0.0229475028329911,0.012205846607685,0.0439702272415161,0.0126536143943667,A8,concat,0,456,"[""price"", ""graph""]",38830,9515,13915,16449,132,1,0.005,64,30,1.0,64,0.0001,0.5,volatility,"[""price""]",2061.8419461250305
0.01435187618803,0.0088470531627535,-0.045973777770996,0.0231445301324129,A8,concat,1,456,"[""price"", ""graph""]",49830,12430,13860,16449,150,1,0.005,64,30,1.0,64,0.0001,0.5,volatility,"[""price""]",3113.6292963027954
0.0143425038320095,0.0092892069369554,0.0330310463905334,0.0149799846112728,A8,concat,2,456,"[""price"", ""graph""]",60830,15290,13860,16449,82,1,0.005,64,30,1.0,64,0.0001,0.5,volatility,"[""price""]",2022.6148059368136
0.0140949744777804,0.0091371722519397,-0.0211222171783447,0.0135552491992712,A8,concat,3,456,"[""price"", ""graph""]",71885,18040,13805,16449,52,1,0.005,64,30,1.0,64,0.0001,0.5,volatility,"[""price""]",1549.238744020462
0.0114703658810015,0.0079239383339881,-0.0280207395553588,0.0150950625538825,A8,concat,4,456,"[""price"", ""graph""]",83105,20680,6875,16449,122,1,0.005,64,30,1.0,64,0.0001,0.5,volatility,"[""price""]",4230.585047006607
0.0234417315477844,0.0126071516424417,0.0023460984230041,0.0125386817380785,A9,concat,0,42,"[""price"", ""macro"", ""graph""]",38830,9515,13915,21185,72,1,0.005,64,30,1.0,64,0.0001,0.5,volatility,"[""price""]",1234.2667829990387
0.0144674912181201,0.0088853221386671,-0.0628938674926757,0.0232363902032375,A9,concat,1,42,"[""price"", ""macro"", ""graph""]",49830,12430,13860,21185,42,1,0.005,64,30,1.0,64,0.0001,0.5,volatility,"[""price""]",949.6771869659424
0.0143486109356436,0.0091561656445264,0.0322073698043823,0.0146409142762422,A9,concat,2,42,"[""price"", ""macro"", ""graph""]",60830,15290,13860,21185,82,1,0.005,64,30,1.0,64,0.0001,0.5,volatility,"[""price""]",2152.143520116806
0.0143226536361788,0.0089675746858119,-0.0543774366378784,0.0136471632868051,A9,concat,3,42,"[""price"", ""macro"", ""graph""]",71885,18040,13805,21185,44,1,0.005,64,30,1.0,64,0.0001,0.5,volatility,"[""price""]",1372.844514131546
0.0114276736426463,0.0080667398869991,-0.0203826427459716,0.0153128216043114,A9,concat,4,42,"[""price"", ""macro"", ""graph""]",83105,20680,6875,21185,61,1,0.005,64,30,1.0,64,0.0001,0.5,volatility,"[""price""]",2181.7880017757416
0.0233895486814645,0.0124176740646362,0.0067828893661499,0.0125793507322669,A9,concat,0,123,"[""price"", ""macro"", ""graph""]",38830,9515,13915,21185,61,1,0.005,64,30,1.0,64,0.0001,0.5,volatility,"[""price""]",1020.1952772140504
0.0144140066338635,0.0088618863373994,-0.0550496578216552,0.0233506597578525,A9,concat,1,123,"[""price"", ""macro"", ""graph""]",49830,12430,13860,21185,41,1,0.005,64,30,1.0,64,0.0001,0.5,volatility,"[""price""]",873.784738779068
0.0143670767040995,0.0091085946187376,0.0297147631645202,0.0147042963653802,A9,concat,2,123,"[""price"", ""macro"", ""graph""]",60830,15290,13860,21185,52,1,0.005,64,30,1.0,64,0.0001,0.5,volatility,"[""price""]",1347.1015350818634
0.0144627398771856,0.0089999949559569,-0.0751036405563354,0.0136644085869193,A9,concat,3,123,"[""price"", ""macro"", ""graph""]",71885,18040,13805,21185,45,1,0.005,64,30,1.0,64,0.0001,0.5,volatility,"[""price""]",1376.1580538749697
0.0114319412578321,0.0078984117135405,-0.0211447477340698,0.015167181380093,A9,concat,4,123,"[""price"", ""macro"", ""graph""]",83105,20680,6875,21185,116,1,0.005,64,30,1.0,64,0.0001,0.5,volatility,"[""price""]",4089.0906660556793
0.0224325879664615,0.0122117791324853,0.0863932371139526,0.0125526348128914,A9,concat,0,456,"[""price"", ""macro"", ""graph""]",38830,9515,13915,21185,101,1,0.005,64,30,1.0,64,0.0001,0.5,volatility,"[""price""]",1676.4035618305206
0.0142795415538919,0.0088828327134251,-0.0354567766189575,0.0238284599035978,A9,concat,1,456,"[""price"", ""macro"", ""graph""]",49830,12430,13860,21185,41,1,0.005,64,30,1.0,64,0.0001,0.5,volatility,"[""price""]",879.5134520530701
0.0142570282486887,0.0091854510828852,0.0445221662521362,0.014699125662446,A9,concat,2,456,"[""price"", ""macro"", ""graph""]",60830,15290,13860,21185,102,1,0.005,64,30,1.0,64,0.0001,0.5,volatility,"[""price""]",2667.447053194046
0.0143635221196058,0.0089904265478253,-0.0604032278060913,0.0135926501825451,A9,concat,3,456,"[""price"", ""macro"", ""graph""]",71885,18040,13805,21185,46,1,0.005,64,30,1.0,64,0.0001,0.5,volatility,"[""price""]",1423.169426202774
0.0116024429656686,0.008312664926052,-0.0518316030502319,0.0151385674253106,A9,concat,4,456,"[""price"", ""macro"", ""graph""]",83105,20680,6875,21185,93,1,0.005,64,30,1.0,64,0.0001,0.5,volatility,"[""price""]",3319.7748608589172
0.0234704717039971,0.0124248918145895,-0.0001016855239868,0.0127887511625885,A1,gated_cross_attention,0,42,"[""price"", ""news"", ""macro"", ""social""]",38830,9515,13915,30849,72,1,0.005,64,30,1.0,64,0.0001,0.5,volatility,"[""price""]",684.449168920517
0.0141797772482193,0.0088348062708973,-0.0210387706756591,0.0235655158758163,A1,gated_cross_attention,1,42,"[""price"", ""news"", ""macro"", ""social""]",49830,12430,13860,30849,123,1,0.005,64,30,1.0,64,0.0001,0.5,volatility,"[""price""]",1498.2874069213867
0.0144605870250786,0.0095646120607852,0.0170431733131408,0.0147158587351441,A1,gated_cross_attention,2,42,"[""price"", ""news"", ""macro"", ""social""]",60830,15290,13860,30849,37,1,0.005,64,30,1.0,64,0.0001,0.5,volatility,"[""price""]",579.645229101181
0.0141164159594953,0.0091078132390975,-0.0242313146591186,0.0135624194517731,A1,gated_cross_attention,3,42,"[""price"", ""news"", ""macro"", ""social""]",71885,18040,13805,30849,41,1,0.005,64,30,1.0,64,0.0001,0.5,volatility,"[""price""]",735.3181929588318
0.0113964174980858,0.0076540391892194,-0.0148084163665771,0.0152739752084016,A1,gated_cross_attention,4,42,"[""price"", ""news"", ""macro"", ""social""]",83105,20680,6875,30849,37,1,0.005,64,30,1.0,64,0.0001,0.5,volatility,"[""price""]",762.0433101654053
0.0236597156297839,0.0125122927129268,-0.0162944793701171,0.0127958441153168,A1,gated_cross_attention,0,123,"[""price"", ""news"", ""macro"", ""social""]",38830,9515,13915,30849,51,1,0.005,64,30,1.0,64,0.0001,0.5,volatility,"[""price""]",536.7513482570648
0.0144046635904345,0.008837872184813,-0.0536823272705078,0.0240261834114789,A1,gated_cross_attention,1,123,"[""price"", ""news"", ""macro"", ""social""]",49830,12430,13860,30849,91,1,0.005,64,30,1.0,64,0.0001,0.5,volatility,"[""price""]",1155.786809206009
0.0144609503004701,0.0100840684026479,0.016993761062622,0.014649050310254,A1,gated_cross_attention,2,123,"[""price"", ""news"", ""macro"", ""social""]",60830,15290,13860,30849,33,1,0.005,64,30,1.0,64,0.0001,0.5,volatility,"[""price""]",508.7324512004852
0.0141942065979071,0.0091858124360442,-0.0355507135391235,0.0134773701429367,A1,gated_cross_attention,3,123,"[""price"", ""news"", ""macro"", ""social""]",71885,18040,13805,30849,37,1,0.005,64,30,1.0,64,0.0001,0.5,volatility,"[""price""]",653.5187382698059
0.0115579963786263,0.0075862193480134,-0.0437883138656616,0.0151225393638014,A1,gated_cross_attention,4,123,"[""price"", ""news"", ""macro"", ""social""]",83105,20680,6875,30849,34,1,0.005,64,30,1.0,64,0.0001,0.5,volatility,"[""price""]",695.640811920166
0.0232451525668149,0.0123447719961404,0.0190082788467407,0.0127297649160027,A1,gated_cross_attention,0,456,"[""price"", ""news"", ""macro"", ""social""]",38830,9515,13915,30849,91,1,0.005,64,30,1.0,64,0.0001,0.5,volatility,"[""price""]",911.2190680503844
0.0148956855479026,0.0091647040098905,-0.126741886138916,0.0238784383982419,A1,gated_cross_attention,1,456,"[""price"", ""news"", ""macro"", ""social""]",49830,12430,13860,30849,32,1,0.005,64,30,1.0,64,0.0001,0.5,volatility,"[""price""]",410.5153799057007
0.0143314099552108,0.0091209635138511,0.0345262885093688,0.0145132280886173,A1,gated_cross_attention,2,456,"[""price"", ""news"", ""macro"", ""social""]",60830,15290,13860,30849,150,1,0.005,64,30,1.0,64,0.0001,0.5,volatility,"[""price""]",2334.9121520519257
0.0140114038281867,0.0091617489233613,-0.0090494155883789,0.0135241774842143,A1,gated_cross_attention,3,456,"[""price"", ""news"", ""macro"", ""social""]",71885,18040,13805,30849,43,1,0.005,64,30,1.0,64,0.0001,0.5,volatility,"[""price""]",789.7838749885559
0.0115073610408305,0.0078549906611442,-0.0346628427505493,0.0152295418083667,A1,gated_cross_attention,4,456,"[""price"", ""news"", ""macro"", ""social""]",83105,20680,6875,30849,34,1,0.005,64,30,1.0,64,0.0001,0.5,volatility,"[""price""]",704.4459130764008
0.0228261654178071,0.0123332003131508,0.0540537238121032,0.0124753946438431,A1,mha,0,42,"[""price"", ""news"", ""macro"", ""social""]",38830,9515,13915,22593,84,1,0.005,64,30,1.0,64,0.0001,0.5,volatility,"[""price""]",812.87402176857
0.014061721827414,0.0090075656771659,-0.0041080713272094,0.0225960202515125,A1,mha,1,42,"[""price"", ""news"", ""macro"", ""social""]",49830,12430,13860,22593,94,1,0.005,64,30,1.0,64,0.0001,0.5,volatility,"[""price""]",1170.1389648914335
0.0145662550487749,0.0091385627165436,0.0026251673698425,0.0147273801267147,A1,mha,2,42,"[""price"", ""news"", ""macro"", ""social""]",60830,15290,13860,22593,36,1,0.005,64,30,1.0,64,0.0001,0.5,volatility,"[""price""]",523.2036097049713
0.0143953033633885,0.0090400902554392,-0.0651010274887085,0.0134458960965275,A1,mha,3,42,"[""price"", ""news"", ""macro"", ""social""]",71885,18040,13805,22593,111,1,0.005,64,30,1.0,64,0.0001,0.5,volatility,"[""price""]",1843.78067612648
0.0112831258622172,0.0075442153029143,0.0052676200866699,0.0152883771806955,A1,mha,4,42,"[""price"", ""news"", ""macro"", ""social""]",83105,20680,6875,22593,92,1,0.005,64,30,1.0,64,0.0001,0.5,volatility,"[""price""]",1848.7460968494415
0.022836042140394,0.0123144136741757,0.0532349348068237,0.0124793257564306,A1,mha,0,123,"[""price"", ""news"", ""macro"", ""social""]",38830,9515,13915,22593,91,1,0.005,64,30,1.0,64,0.0001,0.5,volatility,"[""price""]",865.8488869667053
0.0142898961813585,0.0088708773255348,-0.0369590520858764,0.0232618991285562,A1,mha,1,123,"[""price"", ""news"", ""macro"", ""social""]",49830,12430,13860,22593,54,1,0.005,64,30,1.0,64,0.0001,0.5,volatility,"[""price""]",655.4094021320343
0.0141080666934306,0.0092769786715507,0.0643841028213501,0.0145169859752058,A1,mha,2,123,"[""price"", ""news"", ""macro"", ""social""]",60830,15290,13860,22593,141,1,0.005,64,30,1.0,64,0.0001,0.5,volatility,"[""price""]",2105.383455991745
0.014355309479018,0.0090291211381554,-0.0591909885406494,0.013411171734333,A1,mha,3,123,"[""price"", ""news"", ""macro"", ""social""]",71885,18040,13805,22593,94,1,0.005,64,30,1.0,64,0.0001,0.5,volatility,"[""price""]",1671.0299332141876
0.0112565892636714,0.0071213622577488,0.0099412202835083,0.0153350355103611,A1,mha,4,123,"[""price"", ""news"", ""macro"", ""social""]",83105,20680,6875,22593,76,1,0.005,64,30,1.0,64,0.0001,0.5,volatility,"[""price""]",1525.3720588684082
0.0227770945064833,0.0122947981581091,0.0581165552139282,0.0124348169192671,A1,mha,0,456,"[""price"", ""news"", ""macro"", ""social""]",38830,9515,13915,22593,112,1,0.005,64,30,1.0,64,0.0001,0.5,volatility,"[""price""]",1065.466295003891
0.0139798001329731,0.0091764153912663,0.0075574517250061,0.0231626816093921,A1,mha,1,456,"[""price"", ""news"", ""macro"", ""social""]",49830,12430,13860,22593,131,1,0.005,64,30,1.0,64,0.0001,0.5,volatility,"[""price""]",1584.6922969818115
0.0140920214509549,0.0090968664735555,0.0665110349655151,0.0145563408732414,A1,mha,2,456,"[""price"", ""news"", ""macro"", ""social""]",60830,15290,13860,22593,122,1,0.005,64,30,1.0,64,0.0001,0.5,volatility,"[""price""]",1819.6044521331787
0.0142649664469618,0.0089704748243093,-0.0459011793136596,0.0134061723947525,A1,mha,3,456,"[""price"", ""news"", ""macro"", ""social""]",71885,18040,13805,22593,101,1,0.005,64,30,1.0,64,0.0001,0.5,volatility,"[""price""]",1772.839182138443
0.0125852285813491,0.0081445528194308,-0.2375694513320922,0.0153290638700127,A1,mha,4,456,"[""price"", ""news"", ""macro"", ""social""]",83105,20680,6875,22593,32,1,0.005,64,30,1.0,64,0.0001,0.5,volatility,"[""price""]",649.1053218841553
0.0369166984449545,0.0231898576021194,-1.4742650985717771,0.0127513818442821,A2,gated_cross_attention,0,42,"[""price"", ""news"", ""macro""]",38830,9515,13915,29505,33,1,0.005,64,30,1.0,64,0.0001,0.5,volatility,"[""price""]",291.52511286735535
0.0144395865723864,0.0088579431176185,-0.0587975978851318,0.0237462054938077,A2,gated_cross_attention,1,42,"[""price"", ""news"", ""macro""]",49830,12430,13860,29505,144,1,0.005,64,30,1.0,64,0.0001,0.5,volatility,"[""price""]",1631.439645767212
0.0143639537005721,0.0093060163781046,0.0301365256309509,0.0147904753684997,A2,gated_cross_attention,2,42,"[""price"", ""news"", ""macro""]",60830,15290,13860,29505,34,1,0.005,64,30,1.0,64,0.0001,0.5,volatility,"[""price""]",464.00661611557007
0.0141600267634555,0.009108823724091,-0.0305695533752441,0.0134948175400495,A2,gated_cross_attention,3,42,"[""price"", ""news"", ""macro""]",71885,18040,13805,29505,37,1,0.005,64,30,1.0,64,0.0001,0.5,volatility,"[""price""]",599.1185898780823
0.0114466886752898,0.008005148731172,-0.0237811803817749,0.0150944897904992,A2,gated_cross_attention,4,42,"[""price"", ""news"", ""macro""]",83105,20680,6875,29505,35,1,0.005,64,30,1.0,64,0.0001,0.5,volatility,"[""price""]",654.2912211418152
0.0237096345754039,0.0125279314815998,-0.0205875635147094,0.012802006676793,A2,gated_cross_attention,0,123,"[""price"", ""news"", ""macro""]",38830,9515,13915,29505,53,1,0.005,64,30,1.0,64,0.0001,0.5,volatility,"[""price""]",464.6773648262024
0.0142535876193804,0.008827144280076,-0.0316962003707885,0.0239366833120584,A2,gated_cross_attention,1,123,"[""price"", ""news"", ""macro""]",49830,12430,13860,29505,91,1,0.005,64,30,1.0,64,0.0001,0.5,volatility,"[""price""]",1025.5710220336914
0.0144513662337818,0.009403315372765,0.0182963609695434,0.0147623503580689,A2,gated_cross_attention,2,123,"[""price"", ""news"", ""macro""]",60830,15290,13860,29505,32,1,0.005,64,30,1.0,64,0.0001,0.5,volatility,"[""price""]",438.9911599159241
0.0140573643911421,0.0091036800295114,-0.0156800746917724,0.0135367698967456,A2,gated_cross_attention,3,123,"[""price"", ""news"", ""macro""]",71885,18040,13805,29505,33,1,0.005,64,30,1.0,64,0.0001,0.5,volatility,"[""price""]",535.0470948219299
0.0120287954325726,0.0088132070377469,-0.1305549144744873,0.0151179656386375,A2,gated_cross_attention,4,123,"[""price"", ""news"", ""macro""]",83105,20680,6875,29505,31,1,0.005,64,30,1.0,64,0.0001,0.5,volatility,"[""price""]",564.8487658500671
0.0240345206320004,0.0129944011569023,-0.0487487316131591,0.0127912946045398,A2,gated_cross_attention,0,456,"[""price"", ""news"", ""macro""]",38830,9515,13915,29505,40,1,0.005,64,30,1.0,64,0.0001,0.5,volatility,"[""price""]",339.4602098464966
0.0142970848434518,0.0088294632732868,-0.038002610206604,0.0237848088145256,A2,gated_cross_attention,1,456,"[""price"", ""news"", ""macro""]",49830,12430,13860,29505,102,1,0.005,64,30,1.0,64,0.0001,0.5,volatility,"[""price""]",1146.162640094757
0.0145272176557706,0.0101578067988157,0.0079638361930847,0.0147486263886094,A2,gated_cross_attention,2,456,"[""price"", ""news"", ""macro""]",60830,15290,13860,29505,34,1,0.005,64,30,1.0,64,0.0001,0.5,volatility,"[""price""]",6468.220487117767
0.0140865866773435,0.0092243542894721,-0.0199073553085327,0.0135409291833639,A2,gated_cross_attention,3,456,"[""price"", ""news"", ""macro""]",71885,18040,13805,29505,34,1,0.005,64,30,1.0,64,0.0001,0.5,volatility,"[""price""]",560.6058559417725
0.0116381480994862,0.0081656109541654,-0.0583155155181884,0.015117916278541,A2,gated_cross_attention,4,456,"[""price"", ""news"", ""macro""]",83105,20680,6875,29505,33,1,0.005,64,30,1.0,64,0.0001,0.5,volatility,"[""price""]",601.385908126831
0.0225922295068148,0.0124468253925442,0.0733436346054077,0.0126641364768147,A2,mha,0,42,"[""price"", ""news"", ""macro""]",38830,9515,13915,21249,47,1,0.005,64,30,1.0,64,0.0001,0.5,volatility,"[""price""]",385.2543807029724
0.0141328438281204,0.0088616218417882,-0.0142910480499267,0.0231746602803468,A2,mha,1,42,"[""price"", ""news"", ""macro""]",49830,12430,13860,21249,44,1,0.005,64,30,1.0,64,0.0001,0.5,volatility,"[""price""]",491.1995930671692
0.0145305834790067,0.0092218266800045,0.0075041651725769,0.0146404653787612,A2,mha,2,42,"[""price"", ""news"", ""macro""]",60830,15290,13860,21249,32,1,0.005,64,30,1.0,64,0.0001,0.5,volatility,"[""price""]",440.1270818710327
0.0143759193366148,0.0089997965842485,-0.0622345209121704,0.0135668460279703,A2,mha,3,42,"[""price"", ""news"", ""macro""]",71885,18040,13805,21249,49,1,0.005,64,30,1.0,64,0.0001,0.5,volatility,"[""price""]",761.7686567306519
0.0113494109899709,0.0078095085918903,-0.0064542293548583,0.0153098739683628,A2,mha,4,42,"[""price"", ""news"", ""macro""]",83105,20680,6875,21249,41,1,0.005,64,30,1.0,64,0.0001,0.5,volatility,"[""price""]",757.3201961517334
0.0234597703805849,0.0125208320096135,0.0008100867271423,0.0126053905114531,A2,mha,0,123,"[""price"", ""news"", ""macro""]",38830,9515,13915,21249,74,1,0.005,64,30,1.0,64,0.0001,0.5,volatility,"[""price""]",615.8709738254547
0.0143830154290406,0.0088541880249977,-0.0505176782608032,0.0240365155041217,A2,mha,1,123,"[""price"", ""news"", ""macro""]",49830,12430,13860,21249,44,1,0.005,64,30,1.0,64,0.0001,0.5,volatility,"[""price""]",477.2551519870758
0.0144809118904559,0.0091153029352426,0.0142780542373657,0.0147845223546028,A2,mha,2,123,"[""price"", ""news"", ""macro""]",60830,15290,13860,21249,53,1,0.005,64,30,1.0,64,0.0001,0.5,volatility,"[""price""]",708.454381942749
0.0143163596143717,0.0092712780460715,-0.0534510612487793,0.0135011551901698,A2,mha,3,123,"[""price"", ""news"", ""macro""]",71885,18040,13805,21249,32,1,0.005,64,30,1.0,64,0.0001,0.5,volatility,"[""price""]",504.9980618953705
0.0115205158453662,0.0081954104825854,-0.03702974319458,0.0153202414512634,A2,mha,4,123,"[""price"", ""news"", ""macro""]",83105,20680,6875,21249,32,1,0.005,64,30,1.0,64,0.0001,0.5,volatility,"[""price""]",582.9889788627625
0.0232241965132794,0.0123816756531596,0.0207762718200683,0.0125691434368491,A2,mha,0,456,"[""price"", ""news"", ""macro""]",38830,9515,13915,21249,65,1,0.005,64,30,1.0,64,0.0001,0.5,volatility,"[""price""]",561.1942698955536
0.0145198006774603,0.0088748559355735,-0.0705938339233398,0.0235862769186496,A2,mha,1,456,"[""price"", ""news"", ""macro""]",49830,12430,13860,21249,55,1,0.005,64,30,1.0,64,0.0001,0.5,volatility,"[""price""]",606.2974710464478
0.0142858069773716,0.0091011859476566,0.0406609177589416,0.0146734835579991,A2,mha,2,456,"[""price"", ""news"", ""macro""]",60830,15290,13860,21249,115,1,0.005,64,30,1.0,64,0.0001,0.5,volatility,"[""price""]",1563.5510420799255
0.0142564489989662,0.0089885545894503,-0.0446525812149047,0.0134510807693004,A2,mha,3,456,"[""price"", ""news"", ""macro""]",71885,18040,13805,21249,51,1,0.005,64,30,1.0,64,0.0001,0.5,volatility,"[""price""]",1686.3792898654938
0.0113118979855488,0.0078533524647355,0.0001880526542663,0.0152491284534335,A2,mha,4,456,"[""price"", ""news"", ""macro""]",83105,20680,6875,21249,33,1,0.005,64,30,1.0,64,0.0001,0.5,volatility,"[""price""]",596.4849860668182
0.0234570657501951,0.012461194768548,0.0010404586791992,0.0127343125641345,A3,gated_cross_attention,0,42,"[""price"", ""news""]",38830,9515,13915,28865,113,1,0.005,64,30,1.0,64,0.0001,0.5,volatility,"[""price""]",860.1235599517822
0.0153023075366483,0.009644272737205,-0.1890970468521118,0.0240951646119356,A3,gated_cross_attention,1,42,"[""price"", ""news""]",49830,12430,13860,28865,32,1,0.005,64,30,1.0,64,0.0001,0.5,volatility,"[""price""]",317.3316411972046
0.0143517256174203,0.0092660458758473,0.0317871570587158,0.0149144986644387,A3,gated_cross_attention,2,42,"[""price"", ""news""]",60830,15290,13860,28865,36,1,0.005,64,30,1.0,64,0.0001,0.5,volatility,"[""price""]",431.9158339500427
0.0142240091733054,0.0091228634119033,-0.0399038791656494,0.013513009995222,A3,gated_cross_attention,3,42,"[""price"", ""news""]",71885,18040,13805,28865,39,1,0.005,64,30,1.0,64,0.0001,0.5,volatility,"[""price""]",556.4118869304657
0.0113163333547043,0.0075174486264586,-0.0005961656570434,0.0152421044185757,A3,gated_cross_attention,4,42,"[""price"", ""news""]",83105,20680,6875,28865,37,1,0.005,64,30,1.0,64,0.0001,0.5,volatility,"[""price""]",627.8873910903931
0.0235444376083627,0.012469463981688,-0.0064151287078857,0.0127544291317462,A3,gated_cross_attention,0,123,"[""price"", ""news""]",38830,9515,13915,28865,91,1,0.005,64,30,1.0,64,0.0001,0.5,volatility,"[""price""]",716.0645170211792
0.0142911639533987,0.0088382288813591,-0.0371431112289428,0.0241047162562608,A3,gated_cross_attention,1,123,"[""price"", ""news""]",49830,12430,13860,28865,85,1,0.005,64,30,1.0,64,0.0001,0.5,volatility,"[""price""]",841.2490286827087
0.0144250954981282,0.0094940746203064,0.0218623280525207,0.0147622674703598,A3,gated_cross_attention,2,123,"[""price"", ""news""]",60830,15290,13860,28865,34,1,0.005,64,30,1.0,64,0.0001,0.5,volatility,"[""price""]",409.1524109840393
0.0141316663716603,0.0091600287705659,-0.0264455080032348,0.0134922061115503,A3,gated_cross_attention,3,123,"[""price"", ""news""]",71885,18040,13805,28865,37,1,0.005,64,30,1.0,64,0.0001,0.5,volatility,"[""price""]",1556.5420489311218
0.0113689025239762,0.007713499944657,-0.0099141597747802,0.0151524599641561,A3,gated_cross_attention,4,123,"[""price"", ""news""]",83105,20680,6875,28865,36,1,0.005,64,30,1.0,64,0.0001,0.5,volatility,"[""price""]",657.2591390609741
0.0232348560242252,0.012362609617412,0.0198771357536315,0.0127317998558282,A3,gated_cross_attention,0,456,"[""price"", ""news""]",38830,9515,13915,28865,94,1,0.005,64,30,1.0,64,0.0001,0.5,volatility,"[""price""]",780.5913836956024
0.0171363028766489,0.0125004202127456,-0.4912061691284179,0.0241800770163536,A3,gated_cross_attention,1,456,"[""price"", ""news""]",49830,12430,13860,28865,31,1,0.005,64,30,1.0,64,0.0001,0.5,volatility,"[""price""]",332.7944858074188
0.0144816374124178,0.0093498835340142,0.0141792893409729,0.0148349776864051,A3,gated_cross_attention,2,456,"[""price"", ""news""]",60830,15290,13860,28865,34,1,0.005,64,30,1.0,64,0.0001,0.5,volatility,"[""price""]",448.47496509552
0.0141336634075913,0.0091370111331343,-0.0267356634140014,0.0136162638664245,A3,gated_cross_attention,3,456,"[""price"", ""news""]",71885,18040,13805,28865,40,1,0.005,64,30,1.0,64,0.0001,0.5,volatility,"[""price""]",619.4477751255035
0.0113678362544902,0.0078204618766903,-0.009724736213684,0.0151813188567757,A3,gated_cross_attention,4,456,"[""price"", ""news""]",83105,20680,6875,28865,34,1,0.005,64,30,1.0,64,0.0001,0.5,volatility,"[""price""]",603.6585988998413
0.0237077772789485,0.0125579228624701,-0.0204275846481323,0.0127735054120421,A3,mha,0,42,"[""price"", ""news""]",38830,9515,13915,20609,53,1,0.005,64,30,1.0,64,0.0001,0.5,volatility,"[""price""]",418.0107879638672
0.0159016825728968,0.0115168448537588,-0.2840727567672729,0.023739630356431,A3,mha,1,42,"[""price"", ""news""]",49830,12430,13860,20609,31,1,0.005,64,30,1.0,64,0.0001,0.5,volatility,"[""price""]",330.83523392677307
0.0145381716240872,0.009458472020924,0.0064672827720642,0.0148346405476331,A3,mha,2,42,"[""price"", ""news""]",60830,15290,13860,20609,62,1,0.005,64,30,1.0,64,0.0001,0.5,volatility,"[""price""]",788.0884709358215
0.0140980187517714,0.0091209802776575,-0.0215634107589721,0.0135475909337401,A3,mha,3,42,"[""price"", ""news""]",71885,18040,13805,20609,36,1,0.005,64,30,1.0,64,0.0001,0.5,volatility,"[""price""]",530.727499961853
0.0113199577867079,0.0076529281213879,-0.001237154006958,0.0151875326409935,A3,mha,4,42,"[""price"", ""news""]",83105,20680,6875,20609,35,1,0.005,64,30,1.0,64,0.0001,0.5,volatility,"[""price""]",591.8808739185333
0.0229447543083149,0.0122704375535249,0.0441992878913879,0.0126159070059657,A3,mha,0,123,"[""price"", ""news""]",38830,9515,13915,20609,122,1,0.005,64,30,1.0,64,0.0001,0.5,volatility,"[""price""]",946.0099589824677
0.0142134760118422,0.0088414289057254,-0.025897741317749,0.0236177295446395,A3,mha,1,123,"[""price"", ""news""]",49830,12430,13860,20609,106,1,0.005,64,30,1.0,64,0.0001,0.5,volatility,"[""price""]",1068.5826621055603
0.0145859024242366,0.0095349438488483,-6.723403930664062e-05,0.0150042315945029,A3,mha,2,123,"[""price"", ""news""]",60830,15290,13860,20609,44,1,0.005,64,30,1.0,64,0.0001,0.5,volatility,"[""price""]",538.8442080020905
0.0140378293760323,0.0091911386698484,-0.0128592252731323,0.013571641407907,A3,mha,3,123,"[""price"", ""news""]",71885,18040,13805,20609,35,1,0.005,64,30,1.0,64,0.0001,0.5,volatility,"[""price""]",500.0800850391388
0.0113594280383355,0.0077864546328783,-0.0082316398620605,0.0151050761342048,A3,mha,4,123,"[""price"", ""news""]",83105,20680,6875,20609,35,1,0.005,64,30,1.0,64,0.0001,0.5,volatility,"[""price""]",592.9759817123413
0.0232112263575182,0.0123538300395011,0.0218697190284729,0.0127601167187094,A3,mha,0,456,"[""price"", ""news""]",38830,9515,13915,20609,103,1,0.005,64,30,1.0,64,0.0001,0.5,volatility,"[""price""]",830.1799559593201
0.0141471322978228,0.0093986932188272,-0.0163429975509643,0.0238697808235883,A3,mha,1,456,"[""price"", ""news""]",49830,12430,13860,20609,32,1,0.005,64,30,1.0,64,0.0001,0.5,volatility,"[""price""]",332.6222438812256
0.014323930191987,0.0092971706762909,0.0355338454246521,0.0148582411929965,A3,mha,2,456,"[""price"", ""news""]",60830,15290,13860,20609,36,1,0.005,64,30,1.0,64,0.0001,0.5,volatility,"[""price""]",1322.062975168228
0.0142273449579813,0.0091083850711584,-0.0403916835784912,0.0134863397106528,A3,mha,3,456,"[""price"", ""news""]",71885,18040,13805,20609,40,1,0.005,64,30,1.0,64,0.0001,0.5,volatility,"[""price""]",555.9367606639862
0.0113283920873199,0.0077656325884163,-0.0027297735214233,0.0151502238586544,A3,mha,4,456,"[""price"", ""news""]",83105,20680,6875,20609,32,1,0.005,64,30,1.0,64,0.0001,0.5,volatility,"[""price""]",508.1612300872803
0.023209126032402,0.0123292040079832,0.022046685218811,0.0127473939210176,A4,gated_cross_attention,0,42,"[""price"", ""macro""]",38830,9515,13915,28609,113,1,0.005,64,30,1.0,64,0.0001,0.5,volatility,"[""price""]",6560.939617156982
0.0143825540668315,0.008853661827743,-0.0504502058029174,0.0239354483783245,A4,gated_cross_attention,1,42,"[""price"", ""macro""]",49830,12430,13860,28609,94,1,0.005,64,30,1.0,64,0.0001,0.5,volatility,"[""price""]",1014.9631791114808
0.0143869546168679,0.0092840883880853,0.0270279645919799,0.0146095259115099,A4,gated_cross_attention,2,42,"[""price"", ""macro""]",60830,15290,13860,28609,34,1,0.005,64,30,1.0,64,0.0001,0.5,volatility,"[""price""]",451.1945106983185
0.0139961564985617,0.009152241051197,-0.0068545341491699,0.0135599756613373,A4,gated_cross_attention,3,42,"[""price"", ""macro""]",71885,18040,13805,28609,33,1,0.005,64,30,1.0,64,0.0001,0.5,volatility,"[""price""]",514.2067110538483
0.0115711866803323,0.0081718889996409,-0.0461721420288085,0.0150643410161137,A4,gated_cross_attention,4,42,"[""price"", ""macro""]",83105,20680,6875,28609,32,1,0.005,64,30,1.0,64,0.0001,0.5,volatility,"[""price""]",575.8563210964203
0.0233999027751053,0.012444045394659,0.0059033036231994,0.0127283064648509,A4,gated_cross_attention,0,123,"[""price"", ""macro""]",38830,9515,13915,28609,92,1,0.005,64,30,1.0,64,0.0001,0.5,volatility,"[""price""]",770.1218988895416
0.0142756155395978,0.0088221561163663,-0.0348875522613525,0.0238557886332273,A4,gated_cross_attention,1,123,"[""price"", ""macro""]",49830,12430,13860,28609,144,1,0.005,64,30,1.0,64,0.0001,0.5,volatility,"[""price""]",1522.5673639774325
0.0144213685404822,0.009168236516416,0.0223677158355712,0.0147594343870878,A4,gated_cross_attention,2,123,"[""price"", ""macro""]",60830,15290,13860,28609,94,1,0.005,64,30,1.0,64,0.0001,0.5,volatility,"[""price""]",1216.6868197917938
0.0142253774408805,0.0090169124305248,-0.0401040315628051,0.0135620180517435,A4,gated_cross_attention,3,123,"[""price"", ""macro""]",71885,18040,13805,28609,106,1,0.005,64,30,1.0,64,0.0001,0.5,volatility,"[""price""]",1611.563313245773
0.0113012986616466,0.007615812588483,0.0020608305931091,0.0152776977047324,A4,gated_cross_attention,4,123,"[""price"", ""macro""]",83105,20680,6875,28609,51,1,0.005,64,30,1.0,64,0.0001,0.5,volatility,"[""price""]",896.7134988307953
0.023420115073063,0.0124068930745124,0.0041851997375488,0.0128086665645241,A4,gated_cross_attention,0,456,"[""price"", ""macro""]",38830,9515,13915,28609,102,1,0.005,64,30,1.0,64,0.0001,0.5,volatility,"[""price""]",850.2276782989502
0.0143730012517068,0.0088498368859291,-0.0490553379058837,0.0237987972795963,A4,gated_cross_attention,1,456,"[""price"", ""macro""]",49830,12430,13860,28609,104,1,0.005,64,30,1.0,64,0.0001,0.5,volatility,"[""price""]",1102.3742771148682
0.0142432362246001,0.0092704221606254,0.0463698506355285,0.0144735518842935,A4,gated_cross_attention,2,456,"[""price"", ""macro""]",60830,15290,13860,28609,150,1,0.005,64,30,1.0,64,0.0001,0.5,volatility,"[""price""]",1942.5298120975497
0.0143126206097833,0.0090739568695425,-0.0529009103775024,0.0135298063978552,A4,gated_cross_attention,3,456,"[""price"", ""macro""]",71885,18040,13805,28609,34,1,0.005,64,30,1.0,64,0.0001,0.5,volatility,"[""price""]",525.8575279712677
0.0113180165006444,0.0078041981905698,-0.0008938312530517,0.0152124352753162,A4,gated_cross_attention,4,456,"[""price"", ""macro""]",83105,20680,6875,28609,42,1,0.005,64,30,1.0,64,0.0001,0.5,volatility,"[""price""]",745.8371849060059
0.022964462330962,0.0123443128541111,0.0425565838813781,0.0126073444262146,A4,mha,0,42,"[""price"", ""macro""]",38830,9515,13915,20353,82,1,0.005,64,30,1.0,64,0.0001,0.5,volatility,"[""price""]",641.1084051132202
0.0140510908301317,0.0089698769152164,-0.0025904178619384,0.0221984647214412,A4,mha,1,42,"[""price"", ""macro""]",49830,12430,13860,20353,131,1,0.005,64,30,1.0,64,0.0001,0.5,volatility,"[""price""]",1290.9993090629578
0.0143385808489774,0.0091835120692849,0.0335599184036254,0.0146208852529525,A4,mha,2,42,"[""price"", ""macro""]",60830,15290,13860,20353,86,1,0.005,64,30,1.0,64,0.0001,0.5,volatility,"[""price""]",1033.956160068512
0.0143647484442705,0.008985549211502,-0.0605844259262084,0.0136348139494657,A4,mha,3,42,"[""price"", ""macro""]",71885,18040,13805,20353,62,1,0.005,64,30,1.0,64,0.0001,0.5,volatility,"[""price""]",891.4713230133057
0.0127132929192735,0.0093230102211236,-0.2628840208053589,0.0153067475184798,A4,mha,4,42,"[""price"", ""macro""]",83105,20680,6875,20353,95,1,0.005,64,30,1.0,64,0.0001,0.5,volatility,"[""price""]",1576.7014317512512
0.0220328982044005,0.0121908439323306,0.1186593770980835,0.0125934891402721,A4,mha,0,123,"[""price"", ""macro""]",38830,9515,13915,20353,66,1,0.005,64,30,1.0,64,0.0001,0.5,volatility,"[""price""]",496.447210073471
0.0142627541546716,0.0088071711361408,-0.0330235958099365,0.0217190701514482,A4,mha,1,123,"[""price"", ""macro""]",49830,12430,13860,20353,123,1,0.005,64,30,1.0,64,0.0001,0.5,volatility,"[""price""]",1215.226577281952
0.014415718254239,0.0091204568743705,0.023133635520935,0.0147210955619812,A4,mha,2,123,"[""price"", ""macro""]",60830,15290,13860,20353,62,1,0.005,64,30,1.0,64,0.0001,0.5,volatility,"[""price""]",735.802741765976
0.0143599291606054,0.0090024787932634,-0.0598728656768798,0.0135933710262179,A4,mha,3,123,"[""price"", ""macro""]",71885,18040,13805,20353,48,1,0.005,64,30,1.0,64,0.0001,0.5,volatility,"[""price""]",674.3011908531189
0.0116211995853284,0.007893880829215,-0.0552352666854858,0.015371223911643,A4,mha,4,123,"[""price"", ""macro""]",83105,20680,6875,20353,57,1,0.005,64,30,1.0,64,0.0001,0.5,volatility,"[""price""]",934.43120098114
0.0233755933235595,0.012380076572299,0.0079676508903503,0.0126199880614876,A4,mha,0,456,"[""price"", ""macro""]",38830,9515,13915,20353,67,1,0.005,64,30,1.0,64,0.0001,0.5,volatility,"[""price""]",517.6897602081299
0.0141862811191089,0.0089260209351778,-0.0219756364822387,0.0228101257234811,A4,mha,1,456,"[""price"", ""macro""]",49830,12430,13860,20353,111,1,0.005,64,30,1.0,64,0.0001,0.5,volatility,"[""price""]",1089.7081670761108
0.0143030083694986,0.0091636264696717,0.0383492708206176,0.0146779669448733,A4,mha,2,456,"[""price"", ""macro""]",60830,15290,13860,20353,73,1,0.005,64,30,1.0,64,0.0001,0.5,volatility,"[""price""]",876.4148669242859
0.0144095285055752,0.0090237325057387,-0.0672070980072021,0.0135653242468833,A4,mha,3,456,"[""price"", ""macro""]",71885,18040,13805,20353,52,1,0.005,64,30,1.0,64,0.0001,0.5,volatility,"[""price""]",757.1167330741882
0.0180045863158328,0.0129967974498867,-1.532874584197998,0.0154039645567536,A4,mha,4,456,"[""price"", ""macro""]",83105,20680,6875,20353,34,1,0.005,64,30,1.0,64,0.0001,0.5,volatility,"[""price""]",581.6597139835358
0.0233113961950018,0.0123693281784653,0.01340913772583,0.0127661311998963,A5,gated_cross_attention,0,42,"[""price"", ""macro"", ""social""]",38830,9515,13915,29953,83,1,0.005,64,30,1.0,64,0.0001,0.5,volatility,"[""price""]",761.9207639694214
0.0149936529231536,0.0098283644765615,-0.1416115760803222,0.0237727668136358,A5,gated_cross_attention,1,42,"[""price"", ""macro"", ""social""]",49830,12430,13860,29953,32,1,0.005,64,30,1.0,64,0.0001,0.5,volatility,"[""price""]",376.8988108634949
0.0144424126126475,0.0091561749577522,0.0195124149322509,0.0146027822047472,A5,gated_cross_attention,2,42,"[""price"", ""macro"", ""social""]",60830,15290,13860,29953,113,1,0.005,64,30,1.0,64,0.0001,0.5,volatility,"[""price""]",1623.5643062591553
0.0142415386154536,0.0091030905023217,-0.0424685478210449,0.0136086298152804,A5,gated_cross_attention,3,42,"[""price"", ""macro"", ""social""]",71885,18040,13805,29953,36,1,0.005,64,30,1.0,64,0.0001,0.5,volatility,"[""price""]",613.1771788597107
0.0115189671432465,0.0080966502428054,-0.0367509126663208,0.0152116352692246,A5,gated_cross_attention,4,42,"[""price"", ""macro"", ""social""]",83105,20680,6875,29953,34,1,0.005,64,30,1.0,64,0.0001,0.5,volatility,"[""price""]",678.042848110199
0.0231350668134362,0.0123333139345049,0.0282779932022094,0.0126987062394618,A5,gated_cross_attention,0,123,"[""price"", ""macro"", ""social""]",38830,9515,13915,29953,115,1,0.005,64,30,1.0,64,0.0001,0.5,volatility,"[""price""]",1053.4492948055267
0.0142773259142569,0.008827980607748,-0.0351355075836181,0.0238981265574693,A5,gated_cross_attention,1,123,"[""price"", ""macro"", ""social""]",49830,12430,13860,29953,85,1,0.005,64,30,1.0,64,0.0001,0.5,volatility,"[""price""]",1002.03719496727
0.0146522427623175,0.00938181579113,-0.0091850757598876,0.0148570863530039,A5,gated_cross_attention,2,123,"[""price"", ""macro"", ""social""]",60830,15290,13860,29953,34,1,0.005,64,30,1.0,64,0.0001,0.5,volatility,"[""price""]",489.7557411193848
0.0141886473818771,0.0090359514579176,-0.0347397327423095,0.0136066004633903,A5,gated_cross_attention,3,123,"[""price"", ""macro"", ""social""]",71885,18040,13805,29953,64,1,0.005,64,30,1.0,64,0.0001,0.5,volatility,"[""price""]",1098.0155007839203
0.0112134834829097,0.0075052841566503,0.0175092220306396,0.0152301788330078,A5,gated_cross_attention,4,123,"[""price"", ""macro"", ""social""]",83105,20680,6875,29953,53,1,0.005,64,30,1.0,64,0.0001,0.5,volatility,"[""price""]",1044.7061619758606
0.0234134520898854,0.0124197248369455,0.0047516822814941,0.0127349132671952,A5,gated_cross_attention,0,456,"[""price"", ""macro"", ""social""]",38830,9515,13915,29953,91,1,0.005,64,30,1.0,64,0.0001,0.5,volatility,"[""price""]",835.7723269462585
0.0142083877834776,0.0088277934119105,-0.0251632928848266,0.0236062016338109,A5,gated_cross_attention,1,456,"[""price"", ""macro"", ""social""]",49830,12430,13860,29953,104,1,0.005,64,30,1.0,64,0.0001,0.5,volatility,"[""price""]",1222.242802858353
0.0141835081815699,0.0091711385175585,0.0543510913848876,0.0144724790006876,A5,gated_cross_attention,2,456,"[""price"", ""macro"", ""social""]",60830,15290,13860,29953,150,1,0.005,64,30,1.0,64,0.0001,0.5,volatility,"[""price""]",2131.9881200790405
0.0141979173405934,0.0090510044246912,-0.0360922813415527,0.0136244613677263,A5,gated_cross_attention,3,456,"[""price"", ""macro"", ""social""]",71885,18040,13805,29953,44,1,0.005,64,30,1.0,64,0.0001,0.5,volatility,"[""price""]",742.7836081981659
0.0127248963807075,0.0085569294169545,-0.2651903629302978,0.0153589965775609,A5,gated_cross_attention,4,456,"[""price"", ""macro"", ""social""]",83105,20680,6875,29953,36,1,0.005,64,30,1.0,64,0.0001,0.5,volatility,"[""price""]",703.8952369689941
0.0228355756799332,0.0122263636440038,0.0532736778259277,0.0123478295281529,A5,mha,0,42,"[""price"", ""macro"", ""social""]",38830,9515,13915,21697,81,1,0.005,64,30,1.0,64,0.0001,0.5,volatility,"[""price""]",734.7926158905029
0.0139925300472614,0.0088523896411061,0.0057491660118103,0.0235464293509721,A5,mha,1,42,"[""price"", ""macro"", ""social""]",49830,12430,13860,21697,65,1,0.005,64,30,1.0,64,0.0001,0.5,volatility,"[""price""]",757.5287680625916
0.0142557273280598,0.0091994833201169,0.0446965098381042,0.0146836349740624,A5,mha,2,42,"[""price"", ""macro"", ""social""]",60830,15290,13860,21697,74,1,0.005,64,30,1.0,64,0.0001,0.5,volatility,"[""price""]",1055.3737390041351
0.0144752295551283,0.0090357661247253,-0.0769612789154052,0.0136690363287925,A5,mha,3,42,"[""price"", ""macro"", ""social""]",71885,18040,13805,21697,42,1,0.005,64,30,1.0,64,0.0001,0.5,volatility,"[""price""]",709.0500891208649
0.0112743776191958,0.0072433147579431,0.0068095922470092,0.015492376871407,A5,mha,4,42,"[""price"", ""macro"", ""social""]",83105,20680,6875,21697,38,1,0.005,64,30,1.0,64,0.0001,0.5,volatility,"[""price""]",747.7374579906464
0.0231020535615854,0.0122324060648679,0.0310492515563964,0.0124950194731354,A5,mha,0,123,"[""price"", ""macro"", ""social""]",38830,9515,13915,21697,123,1,0.005,64,30,1.0,64,0.0001,0.5,volatility,"[""price""]",1122.2899796962738
0.0141945536242137,0.0088259316980838,-0.0231679677963256,0.0231202654540538,A5,mha,1,123,"[""price"", ""macro"", ""social""]",49830,12430,13860,21697,64,1,0.005,64,30,1.0,64,0.0001,0.5,volatility,"[""price""]",750.6660010814667
0.0143129317224569,0.0091495104134082,0.0370144248008728,0.0146646304056048,A5,mha,2,123,"[""price"", ""macro"", ""social""]",60830,15290,13860,21697,71,1,0.005,64,30,1.0,64,0.0001,0.5,volatility,"[""price""]",1016.1823229789734
0.0146545526535451,0.0090957218781113,-0.1038099527359008,0.0136095713824033,A5,mha,3,123,"[""price"", ""macro"", ""social""]",71885,18040,13805,21697,47,1,0.005,64,30,1.0,64,0.0001,0.5,volatility,"[""price""]",769.1801950931549
0.0118706734870975,0.0075964010320603,-0.1010272502899169,0.0154271814972162,A5,mha,4,123,"[""price"", ""macro"", ""social""]",83105,20680,6875,21697,36,1,0.005,64,30,1.0,64,0.0001,0.5,volatility,"[""price""]",687.7566909790039
0.023342488849263,0.0123143913224339,0.0107755064964294,0.012420748360455,A5,mha,0,456,"[""price"", ""macro"", ""social""]",38830,9515,13915,21697,74,1,0.005,64,30,1.0,64,0.0001,0.5,volatility,"[""price""]",652.7834730148315
0.014256853710721,0.008819174952805,-0.0321691036224365,0.0234352443367242,A5,mha,1,456,"[""price"", ""macro"", ""social""]",49830,12430,13860,21697,52,1,0.005,64,30,1.0,64,0.0001,0.5,volatility,"[""price""]",572.4608821868896
0.0142625337738153,0.0091949803754687,0.0437840819358825,0.0146209429949522,A5,mha,2,456,"[""price"", ""macro"", ""social""]",60830,15290,13860,21697,104,1,0.005,64,30,1.0,64,0.0001,0.5,volatility,"[""price""]",1385.8057010173798
0.0143817011148284,0.0090202055871486,-0.0630891323089599,0.0135848764330148,A5,mha,3,456,"[""price"", ""macro"", ""social""]",71885,18040,13805,21697,63,1,0.005,64,30,1.0,64,0.0001,0.5,volatility,"[""price""]",1014.2654008865356
0.0178618269616573,0.0120790107175707,-1.4928672313690186,0.015457235276699,A5,mha,4,456,"[""price"", ""macro"", ""social""]",83105,20680,6875,21697,33,1,0.005,64,30,1.0,64,0.0001,0.5,volatility,"[""price""]",612.6335020065308
0.0232448383029785,0.012397862970829,0.0190348029136657,0.0127117056399583,A6,gated_cross_attention,0,42,"[""price"", ""social""]",38830,9515,13915,29313,102,1,0.005,64,30,1.0,64,0.0001,0.5,volatility,"[""price""]",798.0206079483032
0.0143444836887336,0.0088497335091233,-0.0448966026306152,0.0236343909054994,A6,gated_cross_attention,1,42,"[""price"", ""social""]",49830,12430,13860,29313,122,1,0.005,64,30,1.0,64,0.0001,0.5,volatility,"[""price""]",1209.7368640899658
0.0146367552983708,0.0095253279432654,-0.0070527791976928,0.0148479510098695,A6,gated_cross_attention,2,42,"[""price"", ""social""]",60830,15290,13860,29313,63,1,0.005,64,30,1.0,64,0.0001,0.5,volatility,"[""price""]",762.0635771751404
0.0141968708453457,0.009170763194561,-0.0359395742416381,0.0135580664500594,A6,gated_cross_attention,3,42,"[""price"", ""social""]",71885,18040,13805,29313,39,1,0.005,64,30,1.0,64,0.0001,0.5,volatility,"[""price""]",580.6689660549164
0.0114136583661736,0.0078569827601313,-0.017881155014038,0.015148552134633,A6,gated_cross_attention,4,42,"[""price"", ""social""]",83105,20680,6875,29313,33,1,0.005,64,30,1.0,64,0.0001,0.5,volatility,"[""price""]",561.2342050075531
0.0234638441067999,0.0124568212777376,0.0004630088806152,0.0127715999260544,A6,gated_cross_attention,0,123,"[""price"", ""social""]",38830,9515,13915,29313,82,1,0.005,64,30,1.0,64,0.0001,0.5,volatility,"[""price""]",650.7037110328674
0.0143793651029399,0.0101813292130827,-0.0499844551086425,0.0243057608604431,A6,gated_cross_attention,1,123,"[""price"", ""social""]",49830,12430,13860,29313,32,1,0.005,64,30,1.0,64,0.0001,0.5,volatility,"[""price""]",317.4426271915436
0.0142662165438904,0.0096383234485983,0.0432901978492736,0.0146084241569042,A6,gated_cross_attention,2,123,"[""price"", ""social""]",60830,15290,13860,29313,35,1,0.005,64,30,1.0,64,0.0001,0.5,volatility,"[""price""]",429.5656318664551
0.0142637978566425,0.009167150594294,-0.0457298755645751,0.013465367257595,A6,gated_cross_attention,3,123,"[""price"", ""social""]",71885,18040,13805,29313,38,1,0.005,64,30,1.0,64,0.0001,0.5,volatility,"[""price""]",545.2127389907837
0.0113524941987002,0.0076369829475879,-0.0070011615753173,0.0150824142619967,A6,gated_cross_attention,4,123,"[""price"", ""social""]",83105,20680,6875,29313,35,1,0.005,64,30,1.0,64,0.0001,0.5,volatility,"[""price""]",574.5976848602295
0.023290607210893,0.0123965535312891,0.015168011188507,0.0127070797607302,A6,gated_cross_attention,0,456,"[""price"", ""social""]",38830,9515,13915,29313,132,1,0.005,64,30,1.0,64,0.0001,0.5,volatility,"[""price""]",1029.39510679245
0.0141413966211724,0.0088272197172045,-0.0155190229415893,0.0235933978110551,A6,gated_cross_attention,1,456,"[""price"", ""social""]",49830,12430,13860,29313,93,1,0.005,64,30,1.0,64,0.0001,0.5,volatility,"[""price""]",929.02184009552
0.0142906176541772,0.009282168932259,0.0400146842002868,0.0150116784498095,A6,gated_cross_attention,2,456,"[""price"", ""social""]",60830,15290,13860,29313,42,1,0.005,64,30,1.0,64,0.0001,0.5,volatility,"[""price""]",504.4839758872986
0.0142680866394312,0.0091567933559417,-0.0463588237762451,0.013453354127705,A6,gated_cross_attention,3,456,"[""price"", ""social""]",71885,18040,13805,29313,41,1,0.005,64,30,1.0,64,0.0001,0.5,volatility,"[""price""]",581.6711070537567
0.0113308677918886,0.0076140258461236,-0.0031681060791015,0.0151826115325093,A6,gated_cross_attention,4,456,"[""price"", ""social""]",83105,20680,6875,29313,41,1,0.005,64,30,1.0,64,0.0001,0.5,volatility,"[""price""]",677.2530808448792
0.023235483565112,0.0123959239572286,0.0198242664337158,0.0124480687081813,A6,mha,0,42,"[""price"", ""social""]",38830,9515,13915,21057,115,1,0.005,64,30,1.0,64,0.0001,0.5,volatility,"[""price""]",827.3274190425873
0.0144353341257051,0.0098058553412556,-0.0581741333007812,0.0238734539598226,A6,mha,1,42,"[""price"", ""social""]",49830,12430,13860,21057,32,1,0.005,64,30,1.0,64,0.0001,0.5,volatility,"[""price""]",301.9030930995941
0.014334741557627,0.0094233257696032,0.0340773463249206,0.0147340148687362,A6,mha,2,42,"[""price"", ""social""]",60830,15290,13860,21057,34,1,0.005,64,30,1.0,64,0.0001,0.5,volatility,"[""price""]",406.8647470474243
0.0142008370747394,0.0091688968241214,-0.0365184545516967,0.0134592922404408,A6,mha,3,42,"[""price"", ""social""]",71885,18040,13805,21057,36,1,0.005,64,30,1.0,64,0.0001,0.5,volatility,"[""price""]",509.810909986496
0.0116386651132966,0.0078220097348093,-0.0584094524383544,0.0151657667011022,A6,mha,4,42,"[""price"", ""social""]",83105,20680,6875,21057,34,1,0.005,64,30,1.0,64,0.0001,0.5,volatility,"[""price""]",562.2966570854187
0.0227093269618076,0.012246947735548,0.0637128949165344,0.0124178566038608,A6,mha,0,123,"[""price"", ""social""]",38830,9515,13915,21057,143,1,0.005,64,30,1.0,64,0.0001,0.5,volatility,"[""price""]",1136.8266389369965
0.0141289089788938,0.0088726067915558,-0.0137262344360351,0.0239544566720724,A6,mha,1,123,"[""price"", ""social""]",49830,12430,13860,21057,76,1,0.005,64,30,1.0,64,0.0001,0.5,volatility,"[""price""]",786.0345430374146
0.0143235537900247,0.0096919471397995,0.0355845093727111,0.0148141421377658,A6,mha,2,123,"[""price"", ""social""]",60830,15290,13860,21057,34,1,0.005,64,30,1.0,64,0.0001,0.5,volatility,"[""price""]",416.1199312210083
0.0144677537387851,0.0091229891404509,-0.075849175453186,0.0134893795475363,A6,mha,3,123,"[""price"", ""social""]",71885,18040,13805,21057,35,1,0.005,64,30,1.0,64,0.0001,0.5,volatility,"[""price""]",510.26583194732666
0.0113327259809778,0.0074276379309594,-0.0034971237182617,0.0151966661214828,A6,mha,4,123,"[""price"", ""social""]",83105,20680,6875,21057,36,1,0.005,64,30,1.0,64,0.0001,0.5,volatility,"[""price""]",621.9084129333496
0.0233012588236998,0.012356761842966,0.0142669677734375,0.0125276297330856,A6,mha,0,456,"[""price"", ""social""]",38830,9515,13915,21057,101,1,0.005,64,30,1.0,64,0.0001,0.5,volatility,"[""price""]",815.3654520511627
0.0173968749144356,0.0125169791281223,-0.5369012355804443,0.0239006262272596,A6,mha,1,456,"[""price"", ""social""]",49830,12430,13860,21057,31,1,0.005,64,30,1.0,64,0.0001,0.5,volatility,"[""price""]",341.12851095199585
0.0144907676421837,0.0094184717163443,0.0129358172416687,0.0148468231782317,A6,mha,2,456,"[""price"", ""social""]",60830,15290,13860,21057,62,1,0.005,64,30,1.0,64,0.0001,0.5,volatility,"[""price""]",798.2813766002655
0.0142470751505218,0.0091107431799173,-0.0432792901992797,0.0134568465873599,A6,mha,3,456,"[""price"", ""social""]",71885,18040,13805,21057,40,1,0.005,64,30,1.0,64,0.0001,0.5,volatility,"[""price""]",565.8436100482941
0.0113820159886412,0.0077842008322477,-0.0122451782226562,0.015128350816667,A6,mha,4,456,"[""price"", ""social""]",83105,20680,6875,21057,36,1,0.005,64,30,1.0,64,0.0001,0.5,volatility,"[""price""]",592.5325231552124
0.023263482698346,0.0123558118939399,0.0174605250358581,0.012759955599904,A8,gated_cross_attention,0,42,"[""price"", ""graph""]",38830,9515,13915,33217,118,1,0.005,64,30,1.0,64,0.0001,0.5,volatility,"[""price""]",1912.551768064499
0.014232536321707,0.008833440952003,-0.0286509990692138,0.023686945438385,A8,gated_cross_attention,1,42,"[""price"", ""graph""]",49830,12430,13860,33217,114,1,0.005,64,30,1.0,64,0.0001,0.5,volatility,"[""price""]",2309.880494117737
0.0143337695183889,0.0094767296686768,0.0342083573341369,0.0147602660581469,A8,gated_cross_attention,2,42,"[""price"", ""graph""]",60830,15290,13860,33217,33,1,0.005,64,30,1.0,64,0.0001,0.5,volatility,"[""price""]",855.6597421169281
0.014032009613389,0.0092809507623314,-0.0120195150375366,0.0135515807196497,A8,gated_cross_attention,3,42,"[""price"", ""graph""]",71885,18040,13805,33217,34,1,0.005,64,30,1.0,64,0.0001,0.5,volatility,"[""price""]",1050.896206855774
0.011423154115237,0.0079408809542655,-0.0195755958557128,0.0151456277817487,A8,gated_cross_attention,4,42,"[""price"", ""graph""]",83105,20680,6875,33217,33,1,0.005,64,30,1.0,64,0.0001,0.5,volatility,"[""price""]",1146.3701350688934
0.0235612058318898,0.0124738402664661,-0.0078492164611816,0.0127741489559412,A8,gated_cross_attention,0,123,"[""price"", ""graph""]",38830,9515,13915,33217,71,1,0.005,64,30,1.0,64,0.0001,0.5,volatility,"[""price""]",1142.6254110336304
0.0144541129534944,0.0088512478396296,-0.0609290599822998,0.0239609256386756,A8,gated_cross_attention,1,123,"[""price"", ""graph""]",49830,12430,13860,33217,92,1,0.005,64,30,1.0,64,0.0001,0.5,volatility,"[""price""]",1918.0665850639343
0.014295882742842,0.0095617854967713,0.0393071174621582,0.014776493422687,A8,gated_cross_attention,2,123,"[""price"", ""graph""]",60830,15290,13860,33217,34,1,0.005,64,30,1.0,64,0.0001,0.5,volatility,"[""price""]",891.3412380218506
0.0142329596055956,0.0091221183538436,-0.041213035583496,0.0134971309453248,A8,gated_cross_attention,3,123,"[""price"", ""graph""]",71885,18040,13805,33217,35,1,0.005,64,30,1.0,64,0.0001,0.5,volatility,"[""price""]",1063.3054599761963
0.011365424298825,0.0077701997943222,-0.009296178817749,0.0151192806661129,A8,gated_cross_attention,4,123,"[""price"", ""graph""]",83105,20680,6875,33217,35,1,0.005,64,30,1.0,64,0.0001,0.5,volatility,"[""price""]",1199.875001192093
0.0233864849915807,0.0124551085755229,0.0070430636405944,0.012731472030282,A8,gated_cross_attention,0,456,"[""price"", ""graph""]",38830,9515,13915,33217,61,1,0.005,64,30,1.0,64,0.0001,0.5,volatility,"[""price""]",990.551617860794
0.0142111000594831,0.0088221291080117,-0.0255547761917114,0.0235767550766468,A8,gated_cross_attention,1,456,"[""price"", ""graph""]",49830,12430,13860,33217,114,1,0.005,64,30,1.0,64,0.0001,0.5,volatility,"[""price""]",2427.957854986191
0.0144181674712913,0.0093719940632581,0.0228016376495361,0.0148350866511464,A8,gated_cross_attention,2,456,"[""price"", ""graph""]",60830,15290,13860,33217,62,1,0.005,64,30,1.0,64,0.0001,0.5,volatility,"[""price""]",1619.238764047623
0.0140768981404237,0.0091853337362408,-0.0185048580169677,0.0135227423161268,A8,gated_cross_attention,3,456,"[""price"", ""graph""]",71885,18040,13805,33217,35,1,0.005,64,30,1.0,64,0.0001,0.5,volatility,"[""price""]",1065.1117448806765
0.0112716080677061,0.0074568083509802,0.0072974562644958,0.0152525780722498,A8,gated_cross_attention,4,456,"[""price"", ""graph""]",83105,20680,6875,33217,34,1,0.005,64,30,1.0,64,0.0001,0.5,volatility,"[""price""]",1166.036687850952
0.0232064172728223,0.0122546227648854,0.0222750306129455,0.0127238798886537,A8,mha,0,42,"[""price"", ""graph""]",38830,9515,13915,24961,62,1,0.005,64,30,1.0,64,0.0001,0.5,volatility,"[""price""]",1003.2378091812134
0.0143629932632758,0.0088503547012805,-0.0475949048995971,0.0238265469670295,A8,mha,1,42,"[""price"", ""graph""]",49830,12430,13860,24961,54,1,0.005,64,30,1.0,64,0.0001,0.5,volatility,"[""price""]",1133.8188910484314
0.0144216485497797,0.0092946961522102,0.0223296880722045,0.0149273201823234,A8,mha,2,42,"[""price"", ""graph""]",60830,15290,13860,24961,37,1,0.005,64,30,1.0,64,0.0001,0.5,volatility,"[""price""]",950.853528022766
0.0141953839924586,0.0090625053271651,-0.0357226133346557,0.0134966885671019,A8,mha,3,42,"[""price"", ""graph""]",71885,18040,13805,24961,41,1,0.005,64,30,1.0,64,0.0001,0.5,volatility,"[""price""]",1217.7762620449066
0.0112407814494695,0.0074262358248233,0.0127198696136474,0.0152775440365076,A8,mha,4,42,"[""price"", ""graph""]",83105,20680,6875,24961,38,1,0.005,64,30,1.0,64,0.0001,0.5,volatility,"[""price""]",1313.0342791080477
0.02321361485452,0.0122895436361432,0.0216684341430664,0.0127067696303129,A8,mha,0,123,"[""price"", ""graph""]",38830,9515,13915,24961,106,1,0.005,64,30,1.0,64,0.0001,0.5,volatility,"[""price""]",1695.2953751087189
0.014736775922481,0.0101269697770476,-0.1028295755386352,0.0233422070741653,A8,mha,1,123,"[""price"", ""graph""]",49830,12430,13860,24961,34,1,0.005,64,30,1.0,64,0.0001,0.5,volatility,"[""price""]",696.587394952774
0.0143959765933079,0.0099349515512585,0.0258073210716247,0.0149081479758024,A8,mha,2,123,"[""price"", ""graph""]",60830,15290,13860,24961,35,1,0.005,64,30,1.0,64,0.0001,0.5,volatility,"[""price""]",871.3403599262238
0.0140519001619039,0.009295467287302,-0.0148906707763671,0.0135179869830608,A8,mha,3,123,"[""price"", ""graph""]",71885,18040,13805,24961,35,1,0.005,64,30,1.0,64,0.0001,0.5,volatility,"[""price""]",984.2708706855774
0.0114422625033334,0.0079145142808556,-0.0229895114898681,0.015125217847526,A8,mha,4,123,"[""price"", ""graph""]",83105,20680,6875,24961,34,1,0.005,64,30,1.0,64,0.0001,0.5,volatility,"[""price""]",1115.3344037532806
0.0230513794586541,0.0122802024707198,0.0352953672409057,0.0126237049698829,A8,mha,0,456,"[""price"", ""graph""]",38830,9515,13915,24961,105,1,0.005,64,30,1.0,64,0.0001,0.5,volatility,"[""price""]",1609.5950498580933
0.0149847397612561,0.0097404709085822,-0.1402547359466552,0.0238826535642147,A8,mha,1,456,"[""price"", ""graph""]",49830,12430,13860,24961,32,1,0.005,64,30,1.0,64,0.0001,0.5,volatility,"[""price""]",637.3258233070374
0.0142935189615003,0.0094293318688869,0.039624810218811,0.0149167673662304,A8,mha,2,456,"[""price"", ""graph""]",60830,15290,13860,24961,34,1,0.005,64,30,1.0,64,0.0001,0.5,volatility,"[""price""]",818.2557582855225
0.0140970102604397,0.0091854045167565,-0.0214172601699829,0.0135151203721761,A8,mha,3,456,"[""price"", ""graph""]",71885,18040,13805,24961,33,1,0.005,64,30,1.0,64,0.0001,0.5,volatility,"[""price""]",942.459195137024
0.0113592358802674,0.0076735229231417,-0.0081974267959594,0.0151459882035851,A8,mha,4,456,"[""price"", ""graph""]",83105,20680,6875,24961,34,1,0.005,64,30,1.0,64,0.0001,0.5,volatility,"[""price""]",1121.0419461727142
0.0231533219447154,0.0123405894264578,0.0267438888549804,0.012728695757687,A9,gated_cross_attention,0,42,"[""price"", ""macro"", ""graph""]",38830,9515,13915,33857,122,1,0.005,64,30,1.0,64,0.0001,0.5,volatility,"[""price""]",2082.4956159591675
0.0143129911991098,0.0088350810110569,-0.0403136014938354,0.0236746929585933,A9,gated_cross_attention,1,42,"[""price"", ""macro"", ""graph""]",49830,12430,13860,33857,92,1,0.005,64,30,1.0,64,0.0001,0.5,volatility,"[""price""]",2023.8599350452423
0.0144915584436679,0.0091594597324728,0.0128281116485595,0.0148043045774102,A9,gated_cross_attention,2,42,"[""price"", ""macro"", ""graph""]",60830,15290,13860,33857,64,1,0.005,64,30,1.0,64,0.0001,0.5,volatility,"[""price""]",1724.684072971344
0.0139740900168754,0.0091810831800103,-0.003682255744934,0.0135710071772336,A9,gated_cross_attention,3,42,"[""price"", ""macro"", ""graph""]",71885,18040,13805,33857,35,1,0.005,64,30,1.0,64,0.0001,0.5,volatility,"[""price""]",1125.0931749343872
0.0113212438660786,0.007737991400063,-0.0014647245407104,0.0151525046676397,A9,gated_cross_attention,4,42,"[""price"", ""macro"", ""graph""]",83105,20680,6875,33857,35,1,0.005,64,30,1.0,64,0.0001,0.5,volatility,"[""price""]",1272.2296891212463
0.0236292350145966,0.0125150000676512,-0.0136775970458984,0.0127798411995172,A9,gated_cross_attention,0,123,"[""price"", ""macro"", ""graph""]",38830,9515,13915,33857,55,1,0.005,64,30,1.0,64,0.0001,0.5,volatility,"[""price""]",926.7735829353333
0.0141061774468069,0.0088355345651507,-0.0104670524597167,0.023703871294856,A9,gated_cross_attention,1,123,"[""price"", ""macro"", ""graph""]",49830,12430,13860,33857,133,1,0.005,64,30,1.0,64,0.0001,0.5,volatility,"[""price""]",2879.4346690177917
0.0143852304697841,0.0094857551157474,0.027261197566986,0.0148656954988837,A9,gated_cross_attention,2,123,"[""price"", ""macro"", ""graph""]",60830,15290,13860,33857,35,1,0.005,64,30,1.0,64,0.0001,0.5,volatility,"[""price""]",934.3959910869598
0.0142024037887979,0.0090890331193804,-0.0367472171783447,0.0135693252086639,A9,gated_cross_attention,3,123,"[""price"", ""macro"", ""graph""]",71885,18040,13805,33857,38,1,0.005,64,30,1.0,64,0.0001,0.5,volatility,"[""price""]",1195.3521947860718
0.0113078932769621,0.0076631526462733,0.0008958578109741,0.0151942130178213,A9,gated_cross_attention,4,123,"[""price"", ""macro"", ""graph""]",83105,20680,6875,33857,36,1,0.005,64,30,1.0,64,0.0001,0.5,volatility,"[""price""]",1311.587947845459
0.0237120477386611,0.0125220632180571,-0.0207953453063964,0.0128110265359282,A9,gated_cross_attention,0,456,"[""price"", ""macro"", ""graph""]",38830,9515,13915,33857,64,1,0.005,64,30,1.0,64,0.0001,0.5,volatility,"[""price""]",1078.435750246048
0.0141902733818076,0.0088289296254515,-0.0225510597229003,0.0237648319453001,A9,gated_cross_attention,1,456,"[""price"", ""macro"", ""graph""]",49830,12430,13860,33857,101,1,0.005,64,30,1.0,64,0.0001,0.5,volatility,"[""price""]",2193.655704021454
0.0143327903062112,0.0093265417963266,0.0343403220176696,0.0148361688479781,A9,gated_cross_attention,2,456,"[""price"", ""macro"", ""graph""]",60830,15290,13860,33857,33,1,0.005,64,30,1.0,64,0.0001,0.5,volatility,"[""price""]",875.8544080257416
0.0140690017362491,0.0091559588909149,-0.0173624753952026,0.0135088665410876,A9,gated_cross_attention,3,456,"[""price"", ""macro"", ""graph""]",71885,18040,13805,33857,33,1,0.005,64,30,1.0,64,0.0001,0.5,volatility,"[""price""]",1039.008003950119
0.0117728269611893,0.008251205086708,-0.0829511880874633,0.0150399561971426,A9,gated_cross_attention,4,456,"[""price"", ""macro"", ""graph""]",83105,20680,6875,33857,33,1,0.005,64,30,1.0,64,0.0001,0.5,volatility,"[""price""]",1209.0221292972565
0.0225866791601903,0.0120307216420769,0.0737989544868469,0.0126064037904143,A9,mha,0,42,"[""price"", ""macro"", ""graph""]",38830,9515,13915,25601,71,1,0.005,64,30,1.0,64,0.0001,0.5,volatility,"[""price""]",1184.7200720310211
0.0144559647816567,0.0088565703481435,-0.0612008571624755,0.0221819411963224,A9,mha,1,42,"[""price"", ""macro"", ""graph""]",49830,12430,13860,25601,52,1,0.005,64,30,1.0,64,0.0001,0.5,volatility,"[""price""]",1107.4981896877289
0.0144403000624435,0.0092997578904032,0.0197992324829101,0.0146277779713273,A9,mha,2,42,"[""price"", ""macro"", ""graph""]",60830,15290,13860,25601,35,1,0.005,64,30,1.0,64,0.0001,0.5,volatility,"[""price""]",1610.679358959198
0.0145646040820247,0.0091021126136183,-0.0903012752532959,0.0136296423152089,A9,mha,3,42,"[""price"", ""macro"", ""graph""]",71885,18040,13805,25601,43,1,0.005,64,30,1.0,64,0.0001,0.5,volatility,"[""price""]",1397.5088279247284
0.0118957858625841,0.008771794848144,-0.1056907176971435,0.0154151953756809,A9,mha,4,42,"[""price"", ""macro"", ""graph""]",83105,20680,6875,25601,33,1,0.005,64,30,1.0,64,0.0001,0.5,volatility,"[""price""]",1190.3274149894714
0.0224771687180083,0.0120468595996499,0.0827584266662597,0.0126060787588357,A9,mha,0,123,"[""price"", ""macro"", ""graph""]",38830,9515,13915,25601,62,1,0.005,64,30,1.0,64,0.0001,0.5,volatility,"[""price""]",1055.7921442985537
0.0143530872860867,0.0088780419901013,-0.0461503267288208,0.023190876469016,A9,mha,1,123,"[""price"", ""macro"", ""graph""]",49830,12430,13860,25601,53,1,0.005,64,30,1.0,64,0.0001,0.5,volatility,"[""price""]",1197.4296641349792
0.0143887953672032,0.0091488612815737,0.0267789959907531,0.014634913764894,A9,mha,2,123,"[""price"", ""macro"", ""graph""]",60830,15290,13860,25601,61,1,0.005,64,30,1.0,64,0.0001,0.5,volatility,"[""price""]",1712.7053129673004
0.0144749837577496,0.0090158013626933,-0.0769246816635131,0.0136452279984951,A9,mha,3,123,"[""price"", ""macro"", ""graph""]",71885,18040,13805,25601,52,1,0.005,64,30,1.0,64,0.0001,0.5,volatility,"[""price""]",1728.4088099002838
0.0119770620545001,0.0088648721575737,-0.1208512783050537,0.015253847464919,A9,mha,4,123,"[""price"", ""macro"", ""graph""]",83105,20680,6875,25601,71,1,0.005,64,30,1.0,64,0.0001,0.5,volatility,"[""price""]",2778.8493027687073
0.0230625895593585,0.0123409880325198,0.0343568325042724,0.0126151656731963,A9,mha,0,456,"[""price"", ""macro"", ""graph""]",38830,9515,13915,25601,73,1,0.005,64,30,1.0,64,0.0001,0.5,volatility,"[""price""]",1226.8875951766968
0.0145235389472641,0.0088484417647123,-0.0711451768875122,0.0230990257114171,A9,mha,1,456,"[""price"", ""macro"", ""graph""]",49830,12430,13860,25601,53,1,0.005,64,30,1.0,64,0.0001,0.5,volatility,"[""price""]",1114.8208849430084
0.0143953417767534,0.0090814931318163,0.0258932709693908,0.0147778959944844,A9,mha,2,456,"[""price"", ""macro"", ""graph""]",60830,15290,13860,25601,46,1,0.005,64,30,1.0,64,0.0001,0.5,volatility,"[""price""]",1121.367929935455
0.0144814012700629,0.0090231671929359,-0.077879786491394,0.0135836964473128,A9,mha,3,456,"[""price"", ""macro"", ""graph""]",71885,18040,13805,25601,52,1,0.005,64,30,1.0,64,0.0001,0.5,volatility,"[""price""]",1438.5455408096311
0.0115507893071664,0.0082455370575189,-0.0424871444702148,0.0152632985264062,A9,mha,4,456,"[""price"", ""macro"", ""graph""]",83105,20680,6875,25601,78,1,0.005,64,30,1.0,64,0.0001,0.5,volatility,"[""price""]",2634.0461428165436
