experiment_name,config_hash,seed,fold_idx,news_encoder,news_aggregation,fusion_strategy,head_architecture,targets,graph_source,lookback,price_encoder,mcc,accuracy,f1,r2,rmse,sharpe_ratio,vol_rmse,vol_r2,n_train,n_val,n_test,n_params,epochs_trained,best_val_metric,elapsed_seconds,platform_version,git_sha
secff12_A8_lstm_concat_f0_s123,d2085509dd1897c7b50049ccdf602aee0d48dc37ba38541f68857c3b83638fc4,123,0,none,none,concat,parallel_multitask,"direction,return",static_gics,20,lstm,0.008148342292017623,0.5064356435643564,0.5383831836281137,-0.04174396190459162,0.035194947935514254,0.04690324994103634,,,23076,6372,10100,71011,35,0.01594138346508356,605.9645009040833,2.0.0-dev,b2166687dcb5
secff12_A8_lstm_concat_f1_s42,fef59a373da5d88a4802983a9de9e9e00e9cd8431cd1d880a1ab23e0394244e0,42,1,none,none,concat,parallel_multitask,"direction,return",static_gics,20,lstm,0.01514070114817911,0.5276621662775353,0.6328994082840236,-0.24135810215727815,0.025450409047556976,-0.3665758512379311,,,30436,9112,9851,71011,32,0.026305990482808538,727.5342619419098,2.0.0-dev,b2166687dcb5
secff12_A8_lstm_concat_f0_s42,131b45219f29f0dd2c8683b845bfc47350186afafb160449bdf64b4d26394e6b,42,0,none,none,concat,parallel_multitask,"direction,return",static_gics,20,lstm,0.002209740170391137,0.5052475247524753,0.5489665132232151,0.01497647302681171,0.034223398394753766,1.1472550575155323,,,23076,6372,10100,71011,47,0.025032742518970717,798.851233959198,2.0.0-dev,b2166687dcb5
secff12_A8_lstm_concat_f1_s123,f0013fc43db455945e325c86d07edce82319859b407ec54838b395a9caa8e6fb,123,1,none,none,concat,parallel_multitask,"direction,return",static_gics,20,lstm,0.027398052359610296,0.5260379656887626,0.6029424270771323,-0.007061461457724683,0.022923145634871897,0.44895265368161075,,,30436,9112,9851,71011,38,0.02205821340737375,848.6198108196259,2.0.0-dev,5b7922cc3342
secff12_A8_lstm_concat_f2_s42,7fcc7c2b1bf5fae17b2a4a22edae71b0c901a658acee6b5e8d03430b23318825,42,2,none,none,concat,parallel_multitask,"direction,return",static_gics,20,lstm,0.009825411003568983,0.5029562080368775,0.47346072186836513,-0.011753419906364693,0.02374943983983659,0.4470232373415751,,,38427,10972,9979,71011,61,0.02930887184754439,1724.0696759223938,2.0.0-dev,5b7922cc3342
secff12_A8_lstm_concat_f0_s456,6f5fd749fffd53757dcc63241192e362c216d4e9edeca1fc4f08eadf461d5c77,456,0,none,none,concat,parallel_multitask,"direction,return",static_gics,20,lstm,0.006331541247506832,0.5207920792079208,0.6359807460890493,-0.7371656340385484,0.04544859330205082,-0.31700998601470287,,,23076,6372,10100,71011,31,0.007890883464507092,508.556853055954,2.0.0-dev,5b7922cc3342
secff12_A8_lstm_concat_f4_s42,77a699cee8c7923e75da54060fec81b486538c96f3309803c2c656e27ede23d3,42,4,none,none,concat,parallel_multitask,"direction,return",static_gics,20,lstm,-0.0007774244735240946,0.499113867966327,0.5105001082485386,-0.004520560963970022,0.01910239401283133,0.49555901434664573,,,54033,15339,4514,71011,64,0.023953022379377676,2550.13618683815,2.0.0-dev,5b7922cc3342
secff12_A8_lstm_concat_f2_s123,d4a7e962e91615560f53a4da19e96d25591a8b24a4d9d3bf5d076002792acda9,123,2,none,none,concat,parallel_multitask,"direction,return",static_gics,20,lstm,-0.005752456599183668,0.4972442128469787,0.5061521803327099,-0.04999207032279096,0.024194075957879355,0.30896319738157113,,,38427,10972,9979,71011,71,0.057957521356489385,2010.2345039844513,2.0.0-dev,5b7922cc3342
secff12_A8_lstm_concat_f3_s123,9ed32cf5320230544259528bd4eb58dd75a76d2e09768fde62c7b4e0ce03e5da,123,3,none,none,concat,parallel_multitask,"direction,return",static_gics,20,lstm,-0.017441192871584545,0.4930958575145087,0.5251218597675291,-0.010710053370435402,0.023078433959019963,0.32010650906037597,,,46657,12721,9994,71011,63,0.03449589771115268,2176.8293220996857,2.0.0-dev,5b7922cc3342
secff12_A8_lstm_concat_f1_s456,c702581b84ec99ee1b11295d049f17b11698cac30ad64de28ed1730caa7a9180,456,1,none,none,concat,parallel_multitask,"direction,return",static_gics,20,lstm,0.03767877307873819,0.5469495482692113,0.693832750222954,-0.4335798334159793,0.02734998967929375,-0.4496385506116785,,,30436,9112,9851,71011,32,0.027556278666093698,756.695699930191,2.0.0-dev,5b7922cc3342
secff12_A8_lstm_gated_cross_attention_f0_s42,bcd7c9e03cc46f214aa23bbe052ee9837493a17aa36930e2289e498a46d1757a,42,0,none,none,gated_cross_attention,parallel_multitask,"direction,return",static_gics,20,lstm,0.023544814948478085,0.5118811881188119,0.527958636537725,-0.03900144199427391,0.035148589876417544,-0.42766457163634397,,,23076,6372,10100,87651,32,0.02579115376757264,570.2130720615387,2.0.0-dev,5b7922cc3342
secff12_A8_lstm_concat_f2_s456,34eb080c4ffda58386f9813049cae1dc671bf0699504bae30c5930e73691fa46,456,2,none,none,concat,parallel_multitask,"direction,return",static_gics,20,lstm,0.006853209204393128,0.5022547349433811,0.4875683482925823,-0.016136849163415512,0.023800831549101394,0.09281772964139413,,,38427,10972,9979,71011,41,0.03309491486971169,1211.398129940033,2.0.0-dev,5b7922cc3342
secff12_A8_lstm_concat_f3_s42,0637b6fad6d28fd349fa9c2f1630923328bdcd8ec015cdb014b1806d591c7df5,42,3,none,none,concat,parallel_multitask,"direction,return",static_gics,20,lstm,0.016130924822769295,0.5068040824494697,0.49832061068702294,-0.02468816525627937,0.023237473246923265,-0.0735372858755817,,,46657,12721,9994,71011,112,0.028974266808800185,3891.9450352191925,2.0.0-dev,5b7922cc3342
secff12_A8_lstm_gated_cross_attention_f1_s42,1d4c0b532f1c301e89b234594638d0b6ad8181c7053e61d4579956e0cf61c9c7,42,1,none,none,gated_cross_attention,parallel_multitask,"direction,return",static_gics,20,lstm,0.012127038768385792,0.5342604811694244,0.664570843690598,-0.026704511318910384,0.023145627554182858,-0.2658000938644556,,,30436,9112,9851,87651,32,0.043010887022447826,736.2883787155151,2.0.0-dev,5b7922cc3342
secff12_A8_lstm_gated_cross_attention_f2_s42,fffd97400278e5b6538b6cacf567dfc6155ff2727b02958d8d269eda9c7b790f,42,2,none,none,gated_cross_attention,parallel_multitask,"direction,return",static_gics,20,lstm,0.0063143992158775225,0.5027557871530214,0.5023069207622869,-0.012483447292411354,0.023758006460307235,-0.22034829249539875,,,38427,10972,9979,87651,45,0.04822118107893678,1320.6758587360382,2.0.0-dev,5b7922cc3342
secff12_A8_lstm_concat_f3_s456,5ad17b1599ec2f5add795fda4882a660cc4878053c60bad6fdde6a976192377e,456,3,none,none,concat,parallel_multitask,"direction,return",static_gics,20,lstm,0.012345674897953959,0.5051030618371023,0.4991899554475496,-0.02360884973945887,0.02322523187721277,0.1532595045523427,,,46657,12721,9994,71011,82,0.03634742591091521,2840.443706035614,2.0.0-dev,5b7922cc3342
secff12_A8_lstm_gated_cross_attention_f0_s123,fe122a6df73aa20dc2c40ae1e2af73e291e21588d862cdc0e37b3a6d2d9bfab3,123,0,none,none,gated_cross_attention,parallel_multitask,"direction,return",static_gics,20,lstm,0.008574580020118685,0.5136633663366337,0.5884718498659518,-0.004954200349524429,0.03456789753566408,0.312493779445978,,,23076,6372,10100,87651,34,0.023894711740976588,560.2365670204163,2.0.0-dev,5b7922cc3342
secff12_A8_lstm_concat_f4_s456,c115fea275eda468a8181bb8832f61cd78a4280391cb3474fe753be7907f604d,456,4,none,none,concat,parallel_multitask,"direction,return",static_gics,20,lstm,0.005775723010430122,0.4964554718653079,0.4581644815256257,-0.021924817364665783,0.019267166771118057,-0.22093307502666332,,,54033,15339,4514,71011,67,0.02333547052420532,2693.980178117752,2.0.0-dev,5b7922cc3342
secff12_A8_lstm_concat_f4_s123,99167c926b056d209702499186a0b4be84b9339e38903d47f90ff17e4c506571,123,4,none,none,concat,parallel_multitask,"direction,return",static_gics,20,lstm,0.034369527281731586,0.511298183429331,0.4811853245531515,-0.011986175206748051,0.019173247272775407,0.3909008348698696,,,54033,15339,4514,71011,109,0.02958219766138302,4369.557924747467,2.0.0-dev,5b7922cc3342
secff12_A8_lstm_gated_cross_attention_f1_s123,a11ad3f5cf033202f8f3ada7d9eb2629cbd8a89e2e6dfad2b0ec0160b7ca9f6b,123,1,none,none,gated_cross_attention,parallel_multitask,"direction,return",static_gics,20,lstm,0.009498573012075124,0.5188305755760837,0.6020819341840161,-0.3248477317605245,0.026292338111788827,-1.218347958643341,,,30436,9112,9851,87651,31,0.00899916168170996,671.1126670837402,2.0.0-dev,5b7922cc3342
secff12_A8_lstm_gated_cross_attention_f2_s123,31e7a909ab73ede15b10d23b14e33de874ebe803f3ffa7d0927edbddc8af589d,123,2,none,none,gated_cross_attention,parallel_multitask,"direction,return",static_gics,20,lstm,-0.005038580921077121,0.4982463172662591,0.5182334263446551,-0.011976405285509584,0.023752056824362863,-0.6046301726743342,,,38427,10972,9979,87651,34,0.035766335017238755,925.541316986084,2.0.0-dev,5b7922cc3342
secff12_A8_lstm_gated_cross_attention_f0_s456,fcde8ea244d6bc2ff150fad0674ab8ba8f08ff3e4c9164d9bb11a91beaa9b2f0,456,0,none,none,gated_cross_attention,parallel_multitask,"direction,return",static_gics,20,lstm,0.03846301161305958,0.5264356435643565,0.5897589844755124,-0.15872529962543136,0.03711847079386189,-0.20296509717556213,,,23076,6372,10100,87651,32,0.01364755231342121,516.0917661190033,2.0.0-dev,5b7922cc3342
secff12_A8_lstm_gated_cross_attention_f3_s42,5a4900b3dfa4161958c3ef7348392243e92623e86862e21e4655d77b508d8255,42,3,none,none,gated_cross_attention,parallel_multitask,"direction,return",static_gics,20,lstm,-0.00100582242391437,0.4962977786672003,0.45707506471095777,-0.006342306410656695,0.023028513659385463,0.2863144240820532,,,46657,12721,9994,87651,87,0.022298225017279676,2951.7695739269257,2.0.0-dev,5b7922cc3342
secff12_A8_lstm_gated_cross_attention_f1_s456,eb41a44dd7851b9240804e7733ef2a922fc2c0ec4db5a9b06ee4211df62fbd3b,456,1,none,none,gated_cross_attention,parallel_multitask,"direction,return",static_gics,20,lstm,0.02313232757742276,0.5431935844076744,0.6902959394356504,-0.09161161124472206,0.02386603639305606,-1.2071987328439266,,,30436,9112,9851,87651,32,0.0587898122182964,687.4116899967194,2.0.0-dev,5b7922cc3342
secff12_A8_lstm_gated_cross_attention_f4_s123,acb6272f32556e15ecb88580c386f2e1ec1c34a01682dbe09b7d4890c449ea60,123,4,none,none,gated_cross_attention,parallel_multitask,"direction,return",static_gics,20,lstm,0.00022092274329249463,0.4986708019494905,0.5027466490881125,-0.005141260665467717,0.01910829484735978,0.42998400385591085,,,54033,15339,4514,87651,72,0.02965571399995783,2749.508716106415,2.0.0-dev,f8585ce1191c
secff12_A8_lstm_gated_cross_attention_f2_s456,3174086d00c8d99bdeed468c88e051df7c05862d27f8894d4723c5ba463c33c1,456,2,none,none,gated_cross_attention,parallel_multitask,"direction,return",static_gics,20,lstm,-0.009628628991385524,0.4967431606373384,0.529422788605697,-0.026854705235024534,0.023926023717430592,-0.07089042411101314,,,38427,10972,9979,87651,70,0.041081903200065766,1895.7170140743256,2.0.0-dev,f8585ce1191c
secff12_A8_lstm_gated_cross_attention_f4_s42,0666d177e2e49eb44feb391493ba21f1839f09d4be07cf6653f1bcded9d2a1d5,42,4,none,none,gated_cross_attention,parallel_multitask,"direction,return",static_gics,20,lstm,0.01599665421895373,0.4980062029242357,0.42806663301362946,-0.02128576533359694,0.01926114154922062,0.23913980547175484,,,54033,15339,4514,87651,113,0.03822126955916778,4380.073848962784,2.0.0-dev,f8585ce1191c
secff12_A8_lstm_gated_cross_attention_f3_s456,008e34ea3b44a93f3a8f928639da928961573ff7a58cb2e954767e05aa684442,456,3,none,none,gated_cross_attention,parallel_multitask,"direction,return",static_gics,20,lstm,-0.006834120998590998,0.4899939963978387,0.38210692205115776,-0.005527685898835566,0.023019191136923713,0.36346885914178456,,,46657,12721,9994,87651,62,0.018876216197446997,2040.741399049759,2.0.0-dev,f8585ce1191c
secff12_A8_lstm_gated_cross_attention_f3_s123,cc37fd19e3f26851b30c132ba1c419aec86f4ee5d1ba9b7f3ce81892b412a640,123,3,none,none,gated_cross_attention,parallel_multitask,"direction,return",static_gics,20,lstm,0.016007467811329935,0.503602161296778,0.44883901788690145,-0.003999643149418919,0.023001694014832735,0.46586068790428925,,,46657,12721,9994,87651,103,0.02717518757310118,3387.930543899536,2.0.0-dev,f8585ce1191c
secff12_A8_lstm_mha_f0_s42,7c9c322b33c329dab186d7318ab002e5ac308cc0477925fb4b4b3fdd24461213,42,0,none,none,multihead_attention,parallel_multitask,"direction,return",static_gics,20,lstm,0.0033885292576719458,0.5021782178217822,0.5211428571428572,-0.03316562392643774,0.03504974034278748,0.045916050900052234,,,23076,6372,10100,79395,38,0.032487245377481766,624.0427939891815,2.0.0-dev,dd49e511f5d3
secff12_A8_lstm_mha_f1_s42,550bb4d58dbfe4390095354266fb61e121e7914bb409bffe3628baae16b82930,42,1,none,none,multihead_attention,parallel_multitask,"direction,return",static_gics,20,lstm,0.05920554427059277,0.5335498934118363,0.5727568572756858,-0.06288479393375757,0.02354991382246261,0.8369979584277841,,,30436,9112,9851,79395,33,0.02175741109291265,718.2839632034302,2.0.0-dev,dd49e511f5d3
secff12_A8_lstm_mha_f0_s123,3b13d20c129e96823e7cf7092e20402537cc4384199fe6490b80c538f4004c7b,123,0,none,none,multihead_attention,parallel_multitask,"direction,return",static_gics,20,lstm,0.04495851601979921,0.5286138613861386,0.5851703406813628,-0.17284033063736115,0.03734386608422013,1.0510125426155008,,,23076,6372,10100,79395,31,0.015050208575617282,495.4496877193451,2.0.0-dev,dd49e511f5d3
secff12_A8_lstm_gated_cross_attention_f4_s456,e981f53b938921a4d10a9633909bf88fa1427775385f435f49829f08bcb07106,456,4,none,none,gated_cross_attention,parallel_multitask,"direction,return",static_gics,20,lstm,-0.0006660022583405088,0.4995569339831635,0.513879922530665,-0.007834033680689467,0.019133873284598223,0.40917683329874605,,,54033,15339,4514,87651,65,0.022241234081657967,2488.1820442676544,2.0.0-dev,dd49e511f5d3
secff12_A8_lstm_mha_f1_s123,5ca1285501516c4f018c1f4a962648bf4638d11f905a6d6cfb435bec044b229a,123,1,none,none,multihead_attention,parallel_multitask,"direction,return",static_gics,20,lstm,0.025643928982424954,0.5328393056542483,0.6392851544129173,-0.13831872611178975,0.02437127024454876,-0.4674639900655973,,,30436,9112,9851,79395,32,0.031713286746651984,682.8215010166168,2.0.0-dev,dd49e511f5d3
secff12_A8_lstm_mha_f2_s42,33e25509cbc70eb9a2f65409bb17a8a00e963911c4468789fddb8cbf7f114d46,42,2,none,none,multihead_attention,parallel_multitask,"direction,return",static_gics,20,lstm,-0.007097507616902354,0.4930353742860006,0.4267422096317281,-0.027279538341975496,0.023930972575253628,0.2973903866945344,,,38427,10972,9979,79395,61,0.05522367039745907,1669.2126660346985,2.0.0-dev,dd49e511f5d3
secff12_A8_lstm_mha_f3_s42,d96ea98f1b10fa59e87d5b69709b4fa82a61e8aa90325adfa6a0f87b8d5fdbe7,42,3,none,none,multihead_attention,parallel_multitask,"direction,return",static_gics,20,lstm,0.0003428857378133593,0.4983990394236542,0.48186046511627906,-0.0023641406591816683,0.022982951647273677,0.1345588294282605,,,46657,12721,9994,79395,48,0.015448278155458847,1590.3410289287567,2.0.0-dev,dd49e511f5d3
secff12_A8_lstm_mha_f2_s123,df74bb05d2b5c9fed7e96e736996dec0e834cb44f4738119478902def927af1d,123,2,none,none,multihead_attention,parallel_multitask,"direction,return",static_gics,20,lstm,-0.0024482031793333623,0.49964926345325184,0.5214224096616505,-0.051859437310929124,0.024215580477072046,-0.1463904201018205,,,38427,10972,9979,79395,34,0.04279744513631022,937.5340061187744,2.0.0-dev,dd49e511f5d3
secff12_A8_lstm_mha_f0_s456,39b1a08e460677b486f89dd1ef85202b8f8c30c4b9e2536311a428fba620e7e8,456,0,none,none,multihead_attention,parallel_multitask,"direction,return",static_gics,20,lstm,0.025464483178721443,0.5231683168316832,0.605375286791216,-0.36946852050643164,0.04035300284163162,-0.4842310417470731,,,23076,6372,10100,79395,31,0.02574722488766611,495.17243695259094,2.0.0-dev,dd49e511f5d3
secff12_A8_lstm_mha_f1_s456,ccf34eac1bed154f57ed7b66cb0a9e75b536f16c7c59e786ee27a5c98b991d64,456,1,none,none,multihead_attention,parallel_multitask,"direction,return",static_gics,20,lstm,-0.0021321462808177997,0.5303014922342909,0.6649286697081613,-0.17563179374584847,0.02476748374186711,0.5817756848435135,,,30436,9112,9851,79395,32,0.04469291209026223,697.6881127357483,2.0.0-dev,93cc01a9eee7
secff12_A8_lstm_mha_f3_s123,8612ee9fd827447ecfa268eae1d1754dd544e8887e92d6ee821b22ade38bf549,123,3,none,none,multihead_attention,parallel_multitask,"direction,return",static_gics,20,lstm,-0.002237176126339922,0.4991995197118271,0.5122307767274146,-0.00947935798653865,0.023064378902662767,0.33078345371731754,,,46657,12721,9994,79395,68,0.04062362585528899,2293.2958018779755,2.0.0-dev,d08e1f3ecde8
secff12_A8_lstm_mha_f4_s123,9c16cf183f482df66d406d861da60871d8e2600dfd705789320c6a608ef923c4,123,4,none,none,multihead_attention,parallel_multitask,"direction,return",static_gics,20,lstm,0.020339136634609276,0.5084182543198936,0.510262635179872,-0.006372084996804972,0.019119990595830565,0.32399793215437594,,,54033,15339,4514,79395,53,0.028415809932177107,2079.7598757743835,2.0.0-dev,d08e1f3ecde8
secff12_A8_lstm_mha_f4_s42,fe2cb982938190371c31379846338e2fd50d652882ba2634518ea7ceff22fdda,42,4,none,none,multihead_attention,parallel_multitask,"direction,return",static_gics,20,lstm,0.0077689773183500935,0.5039875941515286,0.5198370147973407,-0.015365946138637288,0.01920523741788241,0.5264821130238485,,,54033,15339,4514,79395,88,0.026815229202563545,3423.334151983261,2.0.0-dev,d08e1f3ecde8
secff12_A9_lstm_concat_f1_s42,03b245231273150e3fb69340641906074838df499af2dc7e1a5eccfbf31db395,42,1,none,none,concat,parallel_multitask,"direction,return",static_gics,20,lstm,0.024716156529001772,0.5002537813419957,0.45037400915485093,-0.3624136506107847,0.026662490791160114,-0.20407889150779143,,,30436,9112,9851,75747,31,-0.011365654047861629,675.059928894043,2.0.0-dev,d08e1f3ecde8
secff12_A9_lstm_concat_f0_s42,e2c05e0c6c0a9c38465313fe6ddfd21ba609dfbdb755f2f5dedf934ed017bec3,42,0,none,none,concat,parallel_multitask,"direction,return",static_gics,20,lstm,-0.036992896144238716,0.4869306930693069,0.538803844784621,-0.013546095355249976,0.034715352829686914,-0.014598297311370967,,,23076,6372,10100,75747,49,0.06625452581531005,801.6475620269775,2.0.0-dev,d08e1f3ecde8
secff12_A8_lstm_mha_f2_s456,67bca7beea862bb268eaaaa635b2e4915503f14014ad219d0e0d4213ddf9b55f,456,2,none,none,multihead_attention,parallel_multitask,"direction,return",static_gics,20,lstm,0.004181376960323636,0.5038581020142299,0.5401690350143958,-0.04221473372703688,0.024104306134101177,0.252658609201183,,,38427,10972,9979,79395,82,0.04916827465060142,2279.461606025696,2.0.0-dev,d08e1f3ecde8
secff12_A8_lstm_mha_f3_s456,7f7506d12ec58b946674d766c673476b1a65aafbe99063af82553a042a25873c,456,3,none,none,multihead_attention,parallel_multitask,"direction,return",static_gics,20,lstm,0.004647610704362224,0.4966980188112868,0.41687920241131465,-0.008723025412489482,0.023055737017314483,0.3321133136247444,,,46657,12721,9994,79395,62,0.02853280303747785,2085.1448550224304,2.0.0-dev,d08e1f3ecde8
secff12_A9_lstm_concat_f1_s123,e782815f0055eec0b246f7aac7656b84681f6b7c7ceb91da4d9d687d43f32792,123,1,none,none,concat,parallel_multitask,"direction,return",static_gics,20,lstm,0.07966127296539965,0.4912191655669475,0.22222222222222218,-1.1055246205620963,0.03314563833893547,0.602928968646071,,,30436,9112,9851,75747,31,-0.0038324521133872237,698.362752199173,2.0.0-dev,d08e1f3ecde8
secff12_A9_lstm_concat_f2_s42,69f644542da666e1c9170e2eaf341c5d16ef8f100516d0dac787a57b6f77f1ab,42,2,none,none,concat,parallel_multitask,"direction,return",static_gics,20,lstm,-0.0084753964188301,0.48982864014430305,0.3447033080190501,-0.0868859734969809,0.024615463752139268,-0.1243215509474064,,,38427,10972,9979,75747,42,0.03288906933811214,1166.362468957901,2.0.0-dev,d08e1f3ecde8
secff12_A9_lstm_concat_f0_s123,ce607f2a62b14f232c604ee3301be33a5b13d64a1e539c9e436bb45f93b31dac,123,0,none,none,concat,parallel_multitask,"direction,return",static_gics,20,lstm,-0.05410487524659715,0.4694059405940594,0.45455470737913484,-0.0430399092631657,0.03521683269085803,-0.45914442355605156,,,23076,6372,10100,75747,44,0.0625524607150471,745.9339060783386,2.0.0-dev,d08e1f3ecde8
secff12_A9_lstm_concat_f3_s42,45c3e18cec010556ed7ac3e8136dc7d6f71a1dd59e5c3ffce5d0191e50552690,42,3,none,none,concat,parallel_multitask,"direction,return",static_gics,20,lstm,0.026256972981286448,0.501300780468281,0.33100671140939597,-0.0024130085347748853,0.022983511879971448,0.38569020797539727,,,46657,12721,9994,75747,41,0.01564150656473164,1404.8357310295105,2.0.0-dev,d08e1f3ecde8
secff12_A9_lstm_concat_f2_s123,8ed9d1888ee146e8c2da1f30d57384728cb57187b994803f39d9e0f7845c2a8a,123,2,none,none,concat,parallel_multitask,"direction,return",static_gics,20,lstm,-0.038741251428414274,0.47630023048401643,0.2882048488150368,-0.028865801054141604,0.023949441825907594,0.7411244876712157,,,38427,10972,9979,75747,34,0.07214505560962287,983.6910049915314,2.0.0-dev,d08e1f3ecde8
secff12_A9_lstm_concat_f0_s456,c74147eafe06b29a7b79079666e362649bfda39b61ae5a2ff2ecc6c2c97a4526,456,0,none,none,concat,parallel_multitask,"direction,return",static_gics,20,lstm,0.013477919456516359,0.5295049504950495,0.6708685413492174,-1.520032710989287,0.054739763935844364,-0.17303717894687948,,,23076,6372,10100,75747,31,0.05059497897375785,541.1463921070099,2.0.0-dev,d08e1f3ecde8
secff12_A9_lstm_concat_f3_s123,227ced554dcf971b513fdaab5ced5a636d27d307a92227cc586a8065d5f951cc,123,3,none,none,concat,parallel_multitask,"direction,return",static_gics,20,lstm,0.015343048784284299,0.4951971182709626,0.291532088189861,-0.002922910039829807,0.02298935669505701,0.21803812200807446,,,46657,12721,9994,75747,42,0.009639326018353435,1447.9881267547607,2.0.0-dev,d08e1f3ecde8
secff12_A8_lstm_mha_f4_s456,036ebff8d2595309016e4783749b201577e87412db89ab18fa153780d8eda5f0,456,4,none,none,multihead_attention,parallel_multitask,"direction,return",static_gics,20,lstm,0.02809990128812681,0.5070890562693842,0.4673210438113478,-0.01835848378131666,0.01923351791716014,0.24488150264261863,,,54033,15339,4514,79395,101,0.0298539536074438,4012.662148952484,2.0.0-dev,d08e1f3ecde8
secff12_A9_lstm_concat_f4_s123,586e36e82ce0fb40639f70aacc9a7dbbdfc2c4c6edcb5fd5081a1f263d4dc8da,123,4,none,none,concat,parallel_multitask,"direction,return",static_gics,20,lstm,0.03158176868020832,0.4762959680992468,0.07002360346184107,-0.011112653039137443,0.019164970542982964,-0.4006015523925669,,,54033,15339,4514,75747,41,0.01550120203563944,1634.3399958610535,2.0.0-dev,d08e1f3ecde8
secff12_A9_lstm_concat_f4_s42,1c228ff53f5fb2d6103dba7861c2509f7e3b172dd3d4da2b18a8584cd21505a3,42,4,none,none,concat,parallel_multitask,"direction,return",static_gics,20,lstm,0.023551381801822334,0.488701816570669,0.2769423558897243,-0.04498408648442864,0.01948333158964145,0.08381759168216862,,,54033,15339,4514,75747,63,0.025874761141816194,2505.1055459976196,2.0.0-dev,d08e1f3ecde8
secff12_A9_lstm_gated_cross_attention_f1_s42,a45412204c315e32b76167ee13724d06406bb3ea98fdfe5b782267182ee9ec87,42,1,none,none,gated_cross_attention,parallel_multitask,"direction,return",static_gics,20,lstm,0.017094124221687292,0.5154806618617399,0.5693404312911666,-0.19444969366304665,0.024964918751449308,1.1118106111018222,,,30436,9112,9851,88291,31,0.006771422058991452,717.3836977481842,2.0.0-dev,d08e1f3ecde8
secff12_A9_lstm_concat_f2_s456,b0afa8252e3a91286228c452bf1f2aa14835fecfef3bafd432f13cd99d8a5a43,456,2,none,none,concat,parallel_multitask,"direction,return",static_gics,20,lstm,-0.015289720386178396,0.4899288505862311,0.4455337690631809,-0.03203997143557502,0.02398635677961632,0.08781240546306335,,,38427,10972,9979,75747,48,0.030592194771222842,1334.8831779956818,2.0.0-dev,d08e1f3ecde8
secff12_A9_lstm_gated_cross_attention_f0_s42,500794d78486244a7a6b2efdf6fc3fae995586dfa672fe651cc51fb248231abf,42,0,none,none,gated_cross_attention,parallel_multitask,"direction,return",static_gics,20,lstm,-0.04493824369424452,0.48554455445544553,0.55152770585189,-0.06782975723241669,0.03563287306157851,-0.27020062160179226,,,23076,6372,10100,88291,67,0.05466146048815011,1153.9960329532623,2.0.0-dev,d08e1f3ecde8
secff12_A9_lstm_concat_f3_s456,ee4c6c5bb00243ae166409aae96b067b86fdec6b1995d3c3ebb607b6b58b1d99,456,3,none,none,concat,parallel_multitask,"direction,return",static_gics,20,lstm,-0.0175730866126866,0.4807884730838503,0.1885848318999218,-0.007674123147490164,0.02304374685546689,0.26031190247982927,,,46657,12721,9994,75747,45,0.02068947587350953,1532.2124841213226,2.0.0-dev,d08e1f3ecde8
secff12_A9_lstm_concat_f4_s456,43f2a557e9921048163ba33d1f9c9f0db4e27841cd512398d03faaf60bd7acdd,456,4,none,none,concat,parallel_multitask,"direction,return",static_gics,20,lstm,-0.034301025596598,0.46743464776251664,0.0008312551953449709,-0.15435352988084539,0.020477540857993352,-0.6753473948081565,,,54033,15339,4514,75747,50,0.012127497816368966,1978.9359130859375,2.0.0-dev,d08e1f3ecde8
secff12_A9_lstm_gated_cross_attention_f2_s42,c2cef0abffe4809b89089f7e2abc1439979f06bf8c825991620fec66302bc193,42,2,none,none,gated_cross_attention,parallel_multitask,"direction,return",static_gics,20,lstm,-0.025177970327814183,0.4826134883254835,0.3443809523809524,-0.025962850877542687,0.02391563122290179,-0.2873521163393618,,,38427,10972,9979,88291,45,0.04552496055680814,1278.8289082050323,2.0.0-dev,d08e1f3ecde8
secff12_A9_lstm_concat_f1_s456,1a548f3189b6e12d99fd05631b692a96bb6eb75e3ceb035f4660170c4d8c42d5,456,1,none,none,concat,parallel_multitask,"direction,return",static_gics,20,lstm,0.04994890453379155,0.5204547761648564,0.5173682059664895,-0.04912646631688955,0.02339699847942188,0.019620396648504325,,,30436,9112,9851,75747,124,0.01319639421340895,2748.071089744568,2.0.0-dev,d08e1f3ecde8
secff12_A9_lstm_gated_cross_attention_f4_s42,8cc75024e2250ca47fd197aec1043b8e64f6887c61be38e1085fcc0b1314d997,42,4,none,none,gated_cross_attention,parallel_multitask,"direction,return",static_gics,20,lstm,0.007931315454153915,0.5152857775808596,0.6017473607571896,-0.09240740309691109,0.0199205213694214,0.31691292936546833,,,54033,15339,4514,88291,31,0.005410285708122396,1219.0576610565186,2.0.0-dev,d08e1f3ecde8
secff12_A9_lstm_gated_cross_attention_f3_s42,c4575815659f34d0154e1e873ddf23eb4823cf3ce06ed1546936ea8fc0563fd3,42,3,none,none,gated_cross_attention,parallel_multitask,"direction,return",static_gics,20,lstm,0.0009042696219411528,0.4917950770462277,0.3454053357391416,-0.00044723920676981166,0.022960965058392395,0.4402356588412872,,,46657,12721,9994,88291,48,0.026940604373595016,1621.25790309906,2.0.0-dev,d08e1f3ecde8
secff12_A9_lstm_gated_cross_attention_f0_s123,7148a8a51275e3ce42f1c06b2f36a8e07bc34de9ab10039db693aaf47df9e75e,123,0,none,none,gated_cross_attention,parallel_multitask,"direction,return",static_gics,20,lstm,-0.02782584065343711,0.49504950495049505,0.5661789724396052,-0.04235697213221523,0.03520530157847078,-0.186740328882741,,,23076,6372,10100,88291,74,0.052498885165984936,1226.2396850585938,2.0.0-dev,d08e1f3ecde8
secff12_A9_lstm_gated_cross_attention_f1_s123,457aa1ab92eac82b19dbc6c346ad6b0007abcdf47a42d06e11b920a8146395a6,123,1,none,none,gated_cross_attention,parallel_multitask,"direction,return",static_gics,20,lstm,0.018405934160913677,0.527560653740737,0.6270833333333333,-0.004893075844290884,0.022898453495127088,1.1295368075007515,,,30436,9112,9851,88291,32,0.011497211860994568,697.2269999980927,2.0.0-dev,d08e1f3ecde8
secff12_A9_lstm_gated_cross_attention_f0_s456,04e386c9e37c69eabf2825f2d288c5bdd79255abc9f8460a7d419655254c4524,456,0,none,none,gated_cross_attention,parallel_multitask,"direction,return",static_gics,20,lstm,-0.03175175723734493,0.48277227722772276,0.4879435404822584,-0.09293349506682658,0.03604928863129475,-0.5552510903293595,,,23076,6372,10100,88291,44,0.051668294394849,708.5176200866699,2.0.0-dev,d08e1f3ecde8
secff12_A9_lstm_gated_cross_attention_f2_s123,6594a7d38f1ab95bcd60a28c7135deab18f636fb63251ff7913eb214ed40adb4,123,2,none,none,gated_cross_attention,parallel_multitask,"direction,return",static_gics,20,lstm,0.019507221947566645,0.5116745164846177,0.5511651469098278,-0.00416697871340066,0.023660231962187424,0.38680246165310206,,,38427,10972,9979,88291,41,0.05860261019985956,1111.7514808177948,2.0.0-dev,d08e1f3ecde8
secff12_A9_lstm_gated_cross_attention_f3_s123,706d51add7779030a9344ceed0190d02a6602df2aa0d5bba39ae9f0a1ce66b37,123,3,none,none,gated_cross_attention,parallel_multitask,"direction,return",static_gics,20,lstm,-0.006714568212537905,0.4945967580548329,0.47336044208111777,-0.0011388791020243705,0.022968900497207546,0.7901973496907438,,,46657,12721,9994,88291,34,0.02564330898607327,1109.1952688694,2.0.0-dev,d08e1f3ecde8
secff12_A9_lstm_gated_cross_attention_f1_s456,090206bd6bd2e86b83f9dc2eb990147c3818799140aee7862a898f55fb2e31ae,456,1,none,none,gated_cross_attention,parallel_multitask,"direction,return",static_gics,20,lstm,-0.0009206357736787309,0.5122322606841945,0.5899820803822852,-0.0067202240372779,0.022919261612829873,0.763799857541925,,,30436,9112,9851,88291,32,0.03996514662569632,689.0450460910797,2.0.0-dev,d08e1f3ecde8
secff12_A9_lstm_mha_f1_s42,f02eff017f2cb9314372b284aca3920d582753397101858bc345508495e38179,42,1,none,none,multihead_attention,parallel_multitask,"direction,return",static_gics,20,lstm,-0.005472511641650305,0.48005278651913513,0.38229618909792573,-0.1701209096166667,0.024709365603571988,-0.26269176123480986,,,30436,9112,9851,80035,32,0.0326140906356804,739.0480711460114,2.0.0-dev,d08e1f3ecde8
secff12_A9_lstm_mha_f0_s42,c833af80dd7ea3fbd48209bfa107ee9b3bf06bc6a999c22fcc98ad86617dcaf2,42,0,none,none,multihead_attention,parallel_multitask,"direction,return",static_gics,20,lstm,-0.02664620012123838,0.4913861386138614,0.5389103312090476,-0.05084897275101441,0.03534841809739473,-0.08583608620916718,,,23076,6372,10100,80035,50,0.0580873130095495,853.9899337291718,2.0.0-dev,d08e1f3ecde8
secff12_A9_lstm_gated_cross_attention_f2_s456,23c9a8e78fca45b7b02f6e959f98f7cae712f7b101fc2d8f75ee88835349fc85,456,2,none,none,gated_cross_attention,parallel_multitask,"direction,return",static_gics,20,lstm,-0.013023330625979783,0.49273474296021647,0.4853599023993493,-0.016899681268544686,0.02380976372797677,0.43822514321282385,,,38427,10972,9979,88291,65,0.055106309894998595,1813.591778755188,2.0.0-dev,d08e1f3ecde8
secff12_A9_lstm_mha_f2_s42,ec9c7a861db5c48ec096ac65284ea6e53a3bc24452ee6c0f0a3251e4ca8dab66,42,2,none,none,multihead_attention,parallel_multitask,"direction,return",static_gics,20,lstm,0.015901726319690033,0.5068644152720714,0.4941926200020557,-0.0374744329915786,0.024049426905927263,0.02098410182930946,,,38427,10972,9979,80035,41,0.04204397047855893,1153.35342502594,2.0.0-dev,d08e1f3ecde8
secff12_A9_lstm_mha_f3_s42,227f9da450388ece58bcfdf548fd227f4a4d725c26e659052e9fa7424344c9da,42,3,none,none,multihead_attention,parallel_multitask,"direction,return",static_gics,20,lstm,-0.01915746682434985,0.48369021412847707,0.3566084788029925,-0.0055842379476058746,0.023019838440889163,-0.12111709058136279,,,46657,12721,9994,80035,41,0.028742741334653772,1385.844536781311,2.0.0-dev,d08e1f3ecde8
secff12_A9_lstm_mha_f0_s123,020d77f22564143924f27c58bcfbae24787d46cf010dd8caea9f73136511d572,123,0,none,none,multihead_attention,parallel_multitask,"direction,return",static_gics,20,lstm,-0.022174286509950826,0.4992079207920792,0.5771610098645711,-0.09374165007625401,0.03606261424979647,-0.6201717131215436,,,23076,6372,10100,80035,34,0.07157357653862428,572.7411072254181,2.0.0-dev,d08e1f3ecde8
secff12_A9_lstm_mha_f4_s42,94f3f04186828219c3cf9c7fde37201fd7180bc6382c6dc6d7f1c096a989dd24,42,4,none,none,multihead_attention,parallel_multitask,"direction,return",static_gics,20,lstm,0.04777170498470021,0.47740363314133805,0.057530962844586496,-0.008259938568544012,0.01913791579016595,0.08832553367522125,,,54033,15339,4514,80035,37,0.00250219256211268,1463.460074186325,2.0.0-dev,d08e1f3ecde8
secff12_A9_lstm_gated_cross_attention_f3_s456,8a65d3549df7b6cf2cbffb292d31f54173e1cdef5d3f630c62d682fd701258eb,456,3,none,none,gated_cross_attention,parallel_multitask,"direction,return",static_gics,20,lstm,0.01859678457771787,0.4953972383430058,0.2698711452149993,-0.02737879906400531,0.02326796181083603,0.21238676351082422,,,46657,12721,9994,88291,81,0.01969126664135608,2734.976849079132,2.0.0-dev,d08e1f3ecde8
secff12_A9_lstm_gated_cross_attention_f4_s456,4c7ada815f0661245311252e9a01cc414a59d24fbb5320d4c9fd2dab0709cbd5,456,4,none,none,gated_cross_attention,parallel_multitask,"direction,return",static_gics,20,lstm,0.0663459707636015,0.47740363314133805,0.04144656643640796,-0.0891902224491028,0.019891166400479103,-0.58666234435193,,,54033,15339,4514,88291,69,0.016576631817229532,2722.6538569927216,2.0.0-dev,d08e1f3ecde8
secff12_A9_lstm_mha_f1_s123,b9ce45dfff8ec635718d634e9c70e7c1a63a625c0beaf6c41a692950298a11fe,123,1,none,none,multihead_attention,parallel_multitask,"direction,return",static_gics,20,lstm,0.04769272735937651,0.49690386762765204,0.3514786705051034,-0.5057709886468202,0.02803016717793555,-0.27115346588813044,,,30436,9112,9851,80035,31,0.014213684395440388,699.8424088954926,2.0.0-dev,d08e1f3ecde8
secff12_A9_lstm_mha_f0_s456,9e0a82b55dd13e380d960f618839605ebe68bfaa4870a9508c689a7efff8c0ce,456,0,none,none,multihead_attention,parallel_multitask,"direction,return",static_gics,20,lstm,-0.051466335415854596,0.47475247524752473,0.49432847202363933,-0.8142987993614623,0.04644663311022947,-0.3118847511901593,,,23076,6372,10100,80035,32,0.04536414384160526,539.5842139720917,2.0.0-dev,d08e1f3ecde8
secff12_A9_lstm_mha_f1_s456,60f80c602143685acc94b35720c9657c51265d7444280a714e20fbfe291f9342,456,1,none,none,multihead_attention,parallel_multitask,"direction,return",static_gics,20,lstm,0.05132015614958507,0.48076337427672317,0.19334489828102824,-1.152695165413527,0.03351486643874863,0.03248775494790708,,,30436,9112,9851,80035,31,-0.049893569597495226,687.3744399547577,2.0.0-dev,d08e1f3ecde8
secff12_A9_lstm_mha_f2_s123,901ac306452e234b9939cf2b19de699107947e9f93efd8673341a11c97694415,123,2,none,none,multihead_attention,parallel_multitask,"direction,return",static_gics,20,lstm,-0.004488722512782906,0.49904800080168354,0.527638665784749,-0.08892349392672871,0.02463852552130953,0.40131591522478993,,,38427,10972,9979,80035,41,0.0508075563506165,1153.4578850269318,2.0.0-dev,d08e1f3ecde8
secff12_A9_lstm_mha_f3_s123,1ccb84460409c66c5ea8aa490ed68efd43f4d2f30d4fa7389ac28fd0c46f2e02,123,3,none,none,multihead_attention,parallel_multitask,"direction,return",static_gics,20,lstm,0.0007601340371152285,0.49159495697418454,0.3419246211630618,-0.002301241307931745,0.022982230534372237,0.8364507372225337,,,46657,12721,9994,80035,37,0.011161230159733,1262.5064899921417,2.0.0-dev,d08e1f3ecde8
secff12_A9_lstm_gated_cross_attention_f4_s123,7fb55161581ad7c0adfb3b42078595a8aecc156b27a4436a09cb777624c1174c,123,4,none,none,gated_cross_attention,parallel_multitask,"direction,return",static_gics,20,lstm,-0.017293158149478623,0.46765618077093485,0.046806822689408965,-0.22384645349359933,0.021084914793392612,-0.8243665220122467,,,54033,15339,4514,88291,129,0.025861299775037896,5013.253788232803,2.0.0-dev,d08e1f3ecde8
secff12_A9_lstm_mha_f4_s123,63d0082975ca60f5f087f5fd3c388963d3f33e72ef9cb080e28fc029f8dc3ad5,123,4,none,none,multihead_attention,parallel_multitask,"direction,return",static_gics,20,lstm,0.040639457220891115,0.47607443509082853,0.052863436123348026,-0.09112821997935194,0.019908854724436282,-0.877905236434578,,,54033,15339,4514,80035,43,0.00908734027120133,1648.5606799125671,2.0.0-dev,d08e1f3ecde8
secff12_A9_lstm_mha_f2_s456,d52e9dd7bcbf10e4e2bd0195389f08d7b80dd17298c6ee83e68400e5ed2aeadb,456,2,none,none,multihead_attention,parallel_multitask,"direction,return",static_gics,20,lstm,-0.018665970880394987,0.487724220863814,0.4285714285714286,-0.06101275732953959,0.024320714693859033,-0.17946559691098146,,,38427,10972,9979,80035,67,0.03735000799010852,1687.940771818161,2.0.0-dev,d08e1f3ecde8
secff12_A9_lstm_mha_f3_s456,967ba70f8a2707b3af17bb67d80647b7fa35b91deca5417246dfbf2e6239d2c5,456,3,none,none,multihead_attention,parallel_multitask,"direction,return",static_gics,20,lstm,-0.026309625342759373,0.48308985391234743,0.42701863354037267,-0.016825285370665855,0.023148145913723325,0.11618766657890785,,,46657,12721,9994,80035,83,0.03766980779802502,2302.536406993866,2.0.0-dev,d08e1f3ecde8
secff12_A9_lstm_mha_f4_s456,fab13e170b868dafbab8ea9f3e12d4e75131ccde4e1782e43068c1d54652ceb6,456,4,none,none,multihead_attention,parallel_multitask,"direction,return",static_gics,20,lstm,-0.011385683412108891,0.46832077979618963,0.026763990267639905,-0.24708447211787843,0.02128415041090744,-0.5934442099870514,,,54033,15339,4514,80035,101,0.01983021996339103,3067.485351085663,2.0.0-dev,d08e1f3ecde8
